This is pdfTeX, Version 3.141592653-2.6-1.40.22 (TeX Live 2022/dev/Debian) (preloaded format=pdflatex 2024.10.18)  2 APR 2025 20:24
entering extended mode
 restricted \write18 enabled.
 file:line:error style messages enabled.
 %&-line parsing enabled.
**/home/christian/Documents/Praktikum/MS_Christian_Matteo/main.tex
(/home/christian/Documents/Praktikum/MS_Christian_Matteo/main.tex
LaTeX2e <2021-11-15> patch level 1
L3 programming layer <2022-01-21> (/usr/share/texlive/texmf-dist/tex/latex/koma-script/scrbook.cls
Document Class: scrbook 2021/11/13 v3.35 KOMA-Script document class (book)
(/usr/share/texlive/texmf-dist/tex/latex/koma-script/scrkbase.sty
Package: scrkbase 2021/11/13 v3.35 KOMA-Script package (KOMA-Script-dependent basics and keyval usage)
 (/usr/share/texlive/texmf-dist/tex/latex/koma-script/scrbase.sty
Package: scrbase 2021/11/13 v3.35 KOMA-Script package (KOMA-Script-independent basics and keyval usage)
 (/usr/share/texlive/texmf-dist/tex/latex/koma-script/scrlfile.sty
Package: scrlfile 2021/11/13 v3.35 KOMA-Script package (file load hooks)
 (/usr/share/texlive/texmf-dist/tex/latex/koma-script/scrlfile-hook.sty
Package: scrlfile-hook 2021/11/13 v3.35 KOMA-Script package (using LaTeX hooks)
 (/usr/share/texlive/texmf-dist/tex/latex/koma-script/scrlogo.sty
Package: scrlogo 2021/11/13 v3.35 KOMA-Script package (logo)
))) (/usr/share/texlive/texmf-dist/tex/latex/graphics/keyval.sty
Package: keyval 2014/10/28 v1.15 key=value parser (DPC)
\KV@toks@=\toks16
)
Applying: [2021/05/01] Usage of raw or classic option list on input line 252.
Already applied: [0000/00/00] Usage of raw or classic option list on input line 368.
)) (/usr/share/texlive/texmf-dist/tex/latex/koma-script/tocbasic.sty
Package: tocbasic 2021/11/13 v3.35 KOMA-Script package (handling toc-files)
\scr@dte@tocline@numberwidth=\skip47
\scr@dte@tocline@numbox=\box50
)
Package tocbasic Info: babel extension for `toc' omitted
(tocbasic)             because of missing \bbl@set@language on input line 137.
Package scrbook Info: You've used standard option `10pt'.
(scrbook)             This is correct!
(scrbook)             Internally I'm using `fontsize=10pt'.
(scrbook)             If you'd like to set the option with \KOMAoptions,
(scrbook)             you'd have to use `fontsize=10pt' there
(scrbook)             instead of `10pt', too.
Class scrbook Info: File `scrsize10pt.clo' used to setup font sizes on input line 2490.
 (/usr/share/texlive/texmf-dist/tex/latex/koma-script/scrsize10pt.clo
File: scrsize10pt.clo 2021/11/13 v3.35 KOMA-Script font size class option (10pt)
) (/usr/share/texlive/texmf-dist/tex/latex/koma-script/typearea.sty
Package: typearea 2021/11/13 v3.35 KOMA-Script package (type area)
\ta@bcor=\skip48
\ta@div=\count185
\ta@hblk=\skip49
\ta@vblk=\skip50
\ta@temp=\skip51
\footheight=\skip52
Package typearea Info: These are the values describing the layout:
(typearea)             DIV  = 8
(typearea)             BCOR = 0.0pt
(typearea)             \paperwidth      = 597.50793pt
(typearea)              \textwidth      = 373.44246pt
(typearea)              DIV departure   = -4%
(typearea)              \evensidemargin = 77.107pt
(typearea)              \oddsidemargin  = 2.4185pt
(typearea)             \paperheight     = 845.04694pt
(typearea)              \textheight     = 538.0pt
(typearea)              \topmargin      = 0.36087pt
(typearea)              \headheight     = 15.0pt
(typearea)              \headsep        = 18.0pt
(typearea)              \topskip        = 10.0pt
(typearea)              \footskip       = 42.0pt
(typearea)              \baselineskip   = 12.0pt
(typearea)              on input line 1743.
)
\c@part=\count186
\c@chapter=\count187
\c@section=\count188
\c@subsection=\count189
\c@subsubsection=\count190
\c@paragraph=\count191
\c@subparagraph=\count192
\scr@dte@chapter@maxnumwidth=\skip53
Class scrbook Info: using compatibility default `afterindent=bysign'
(scrbook)           for `\chapter on input line 5715.
\scr@dte@section@maxnumwidth=\skip54
Class scrbook Info: using compatibility default `runin=bysign'
(scrbook)           for `\section on input line 5726.
Class scrbook Info: using compatibility default `afterindent=bysign'
(scrbook)           for `\section on input line 5726.
\scr@dte@part@maxnumwidth=\skip55
Class scrbook Info: using compatibility default `afterindent=true'
(scrbook)           for `\part on input line 5735.
\scr@dte@subsection@maxnumwidth=\skip56
Class scrbook Info: using compatibility default `runin=bysign'
(scrbook)           for `\subsection on input line 5745.
Class scrbook Info: using compatibility default `afterindent=bysign'
(scrbook)           for `\subsection on input line 5745.
\scr@dte@subsubsection@maxnumwidth=\skip57
Class scrbook Info: using compatibility default `runin=bysign'
(scrbook)           for `\subsubsection on input line 5755.
Class scrbook Info: using compatibility default `afterindent=bysign'
(scrbook)           for `\subsubsection on input line 5755.
\scr@dte@paragraph@maxnumwidth=\skip58
Class scrbook Info: using compatibility default `runin=bysign'
(scrbook)           for `\paragraph on input line 5766.
Class scrbook Info: using compatibility default `afterindent=bysign'
(scrbook)           for `\paragraph on input line 5766.
\scr@dte@subparagraph@maxnumwidth=\skip59
Class scrbook Info: using compatibility default `runin=bysign'
(scrbook)           for `\subparagraph on input line 5776.
Class scrbook Info: using compatibility default `afterindent=bysign'
(scrbook)           for `\subparagraph on input line 5776.
\abovecaptionskip=\skip60
\belowcaptionskip=\skip61
\c@pti@nb@sid@b@x=\box51
Package tocbasic Info: babel extension for `lof' omitted
(tocbasic)             because of missing \bbl@set@language on input line 6962.
\scr@dte@figure@maxnumwidth=\skip62
\c@figure=\count193
Package tocbasic Info: babel extension for `lot' omitted
(tocbasic)             because of missing \bbl@set@language on input line 6978.
\scr@dte@table@maxnumwidth=\skip63
\c@table=\count194
Class scrbook Info: Redefining `\numberline' on input line 7146.
\bibindent=\dimen138
) (/usr/share/texlive/texmf-dist/tex/latex/base/inputenc.sty
Package: inputenc 2021/02/14 v1.3d Input encoding file
\inpenc@prehook=\toks17
\inpenc@posthook=\toks18
) (/usr/share/texlive/texmf-dist/tex/generic/babel/babel.sty
Package: babel 2022/01/26 3.70 The Babel package
\babel@savecnt=\count195
\U@D=\dimen139
\l@unhyphenated=\language3
 (/usr/share/texlive/texmf-dist/tex/generic/babel/txtbabel.def)
\bbl@readstream=\read2
\bbl@dirlevel=\count196
 (/usr/share/texlive/texmf-dist/tex/generic/babel-english/english.ldf
Language: english 2017/06/06 v3.3r English support from the babel system
Package babel Info: Hyphen rules for 'british' set to \l@english
(babel)             (\language0). Reported on input line 82.
Package babel Info: Hyphen rules for 'UKenglish' set to \l@english
(babel)             (\language0). Reported on input line 83.
Package babel Info: Hyphen rules for 'canadian' set to \l@english
(babel)             (\language0). Reported on input line 102.
Package babel Info: Hyphen rules for 'australian' set to \l@english
(babel)             (\language0). Reported on input line 105.
Package babel Info: Hyphen rules for 'newzealand' set to \l@english
(babel)             (\language0). Reported on input line 108.
)) (/usr/share/texlive/texmf-dist/tex/latex/base/fontenc.sty
Package: fontenc 2021/04/29 v2.0v Standard LaTeX package
) (/usr/share/texlive/texmf-dist/tex/latex/graphics/graphicx.sty
Package: graphicx 2021/09/16 v1.2d Enhanced LaTeX Graphics (DPC,SPQR)
 (/usr/share/texlive/texmf-dist/tex/latex/graphics/graphics.sty
Package: graphics 2021/03/04 v1.4d Standard LaTeX Graphics (DPC,SPQR)
 (/usr/share/texlive/texmf-dist/tex/latex/graphics/trig.sty
Package: trig 2021/08/11 v1.11 sin cos tan (DPC)
) (/usr/share/texlive/texmf-dist/tex/latex/graphics-cfg/graphics.cfg
File: graphics.cfg 2016/06/04 v1.11 sample graphics configuration
)
Package graphics Info: Driver file: pdftex.def on input line 107.
 (/usr/share/texlive/texmf-dist/tex/latex/graphics-def/pdftex.def
File: pdftex.def 2020/10/05 v1.2a Graphics/color driver for pdftex
))
\Gin@req@height=\dimen140
\Gin@req@width=\dimen141
) (/usr/share/texlive/texmf-dist/tex/latex/geometry/geometry.sty
Package: geometry 2020/01/02 v5.9 Page Geometry
 (/usr/share/texlive/texmf-dist/tex/generic/iftex/ifvtex.sty
Package: ifvtex 2019/10/25 v1.7 ifvtex legacy package. Use iftex instead.
 (/usr/share/texlive/texmf-dist/tex/generic/iftex/iftex.sty
Package: iftex 2020/03/06 v1.0d TeX engine tests
))
\Gm@cnth=\count197
\Gm@cntv=\count198
\c@Gm@tempcnt=\count199
\Gm@bindingoffset=\dimen142
\Gm@wd@mp=\dimen143
\Gm@odd@mp=\dimen144
\Gm@even@mp=\dimen145
\Gm@layoutwidth=\dimen146
\Gm@layoutheight=\dimen147
\Gm@layouthoffset=\dimen148
\Gm@layoutvoffset=\dimen149
\Gm@dimlist=\toks19
) (/usr/share/texlive/texmf-dist/tex/latex/crop/crop.sty
Package: crop 2017/11/19 1.10 crop marks (mf)
 (/usr/share/texlive/texmf-dist/tex/generic/iftex/ifluatex.sty
Package: ifluatex 2019/10/25 v1.5 ifluatex legacy package. Use iftex instead.
)
\stockwidth=\dimen150
\stockheight=\dimen151
\CROP@index=\count266
 (/usr/share/texlive/texmf-dist/tex/latex/graphics/color.sty
Package: color 2021/12/07 v1.3c Standard LaTeX Color (DPC)
 (/usr/share/texlive/texmf-dist/tex/latex/graphics-cfg/color.cfg
File: color.cfg 2016/01/02 v1.6 sample color configuration
)
Package color Info: Driver file: pdftex.def on input line 149.
)
\CROP@offset=\count267
Package crop Info: Local config file crop.cfg used on input line 622.
 (/usr/share/texlive/texmf-dist/tex/xelatex/xetexconfig/crop.cfg)) (./StandardPages.sty) (/usr/share/texlive/texmf-dist/tex/latex/koma-script/scrlayer-scrpage.sty
Package: scrlayer-scrpage 2021/11/13 v3.35 KOMA-Script package (end user interface for scrlayer)
 (/usr/share/texlive/texmf-dist/tex/latex/koma-script/scrlayer.sty
Package: scrlayer 2021/11/13 v3.35 KOMA-Script package (defining layers and page styles)
Package scrlayer Info: Using already defined \footheight
(scrlayer)             hoping, that this is a length and
(scrlayer)             not only a macro on input line 136.
Package scrlayer Info: patching LaTeX kernel macro \pagestyle on input line 2162.
)
/usr/share/texlive/texmf-dist/tex/latex/koma-script/scrlayer-scrpage.sty:636: Missing \endcsname inserted.
<to be read again> 
                   \textwidth 
l.636 \KOMAProcessOptions
                         \relax
The control sequence marked <to be read again> should
not appear between \csname and \endcsname.

/usr/share/texlive/texmf-dist/tex/latex/koma-script/scrlayer-scrpage.sty:636: Missing \endcsname inserted.
<to be read again> 
                   \textwidth 
l.636 \KOMAProcessOptions
                         \relax
The control sequence marked <to be read again> should
not appear between \csname and \endcsname.

/usr/share/texlive/texmf-dist/tex/latex/koma-script/scrlayer-scrpage.sty:636: Missing number, treated as zero.
<to be read again> 
                   :
l.636 \KOMAProcessOptions
                         \relax
A number should have been here; I inserted `0'.
(If you can't figure out why I needed to see a number,
look up `weird error' in the index to The TeXbook.)

/usr/share/texlive/texmf-dist/tex/latex/koma-script/scrlayer-scrpage.sty:636: Illegal unit of measure (pt inserted).
<to be read again> 
                   :
l.636 \KOMAProcessOptions
                         \relax
Dimensions can be in units of em, ex, in, pt, pc,
cm, mm, dd, cc, nd, nc, bp, or sp; but yours is a new one!
I'll assume that you meant to say pt, for printer's points.
To recover gracefully from this error, it's best to
delete the erroneous units; e.g., type `2' to delete
two letters. (See Chapter 27 of The TeXbook.)


/usr/share/texlive/texmf-dist/tex/latex/koma-script/scrlayer-scrpage.sty:636: LaTeX Error: Missing \begin{document}.

See the LaTeX manual or LaTeX Companion for explanation.
Type  H <return>  for immediate help.
 ...                                              
                                                  
l.636 \KOMAProcessOptions
                         \relax
You're in trouble here.  Try typing  <return>  to proceed.
If that doesn't work, type  X <return>  to quit.

/usr/share/texlive/texmf-dist/tex/latex/koma-script/scrlayer-scrpage.sty:636: Missing number, treated as zero.
<to be read again> 
                   \endcsname 
l.636 \KOMAProcessOptions
                         \relax
A number should have been here; I inserted `0'.
(If you can't figure out why I needed to see a number,
look up `weird error' in the index to The TeXbook.)

/usr/share/texlive/texmf-dist/tex/latex/koma-script/scrlayer-scrpage.sty:636: Illegal unit of measure (pt inserted).
<to be read again> 
                   \endcsname 
l.636 \KOMAProcessOptions
                         \relax
Dimensions can be in units of em, ex, in, pt, pc,
cm, mm, dd, cc, nd, nc, bp, or sp; but yours is a new one!
I'll assume that you meant to say pt, for printer's points.
To recover gracefully from this error, it's best to
delete the erroneous units; e.g., type `2' to delete
two letters. (See Chapter 27 of The TeXbook.)

/usr/share/texlive/texmf-dist/tex/latex/koma-script/scrlayer-scrpage.sty:636: Extra \endcsname.
<recently read> \endcsname 
                           
l.636 \KOMAProcessOptions
                         \relax
I'm ignoring this, since I wasn't doing a \csname.

Package scrlayer-scrpage Info: Makeing stand-alone element `pagehead' from
(scrlayer-scrpage)             alias to `pageheadfoot' on input line 1085.
Package scrlayer-scrpage Info: deactivating warning for font element
(scrlayer-scrpage)             `pagefoot' on input line 1109.
)
Package scrlayer-scrpage Info: auto-selection of `pagestyleset=KOMA-Script'.

1: section
1: chapter
1: chapter
1: section
1: chapter
1: section
(/usr/share/texlive/texmf-dist/tex/latex/footmisc/footmisc.sty
Package: footmisc 2011/06/06 v5.5b a miscellany of footnote facilities
\FN@temptoken=\toks20
\footnotemargin=\dimen152
\c@pp@next@reset=\count268
Package footmisc Info: Declaring symbol style bringhurst on input line 855.
Package footmisc Info: Declaring symbol style chicago on input line 863.
Package footmisc Info: Declaring symbol style wiley on input line 872.
Package footmisc Info: Declaring symbol style lamport-robust on input line 883.
Package footmisc Info: Declaring symbol style lamport* on input line 903.
Package footmisc Info: Declaring symbol style lamport*-robust on input line 924.
) (/usr/share/texlive/texmf-dist/tex/latex/amsfonts/amssymb.sty
Package: amssymb 2013/01/14 v3.01 AMS font symbols
 (/usr/share/texlive/texmf-dist/tex/latex/amsfonts/amsfonts.sty
Package: amsfonts 2013/01/14 v3.01 Basic AMSFonts support
\@emptytoks=\toks21
\symAMSa=\mathgroup4
\symAMSb=\mathgroup5
LaTeX Font Info:    Redeclaring math symbol \hbar on input line 98.
LaTeX Font Info:    Overwriting math alphabet `\mathfrak' in version `bold'
(Font)                  U/euf/m/n --> U/euf/b/n on input line 106.
)) (/usr/share/texlive/texmf-dist/tex/latex/amsmath/amsmath.sty
Package: amsmath 2021/10/15 v2.17l AMS math features
\@mathmargin=\skip64

For additional information on amsmath, use the `?' option.
(/usr/share/texlive/texmf-dist/tex/latex/amsmath/amstext.sty
Package: amstext 2021/08/26 v2.01 AMS text
 (/usr/share/texlive/texmf-dist/tex/latex/amsmath/amsgen.sty
File: amsgen.sty 1999/11/30 v2.0 generic functions
\@emptytoks=\toks22
\ex@=\dimen153
)) (/usr/share/texlive/texmf-dist/tex/latex/amsmath/amsbsy.sty
Package: amsbsy 1999/11/29 v1.2d Bold Symbols
\pmbraise@=\dimen154
) (/usr/share/texlive/texmf-dist/tex/latex/amsmath/amsopn.sty
Package: amsopn 2021/08/26 v2.02 operator names
)
\inf@bad=\count269
LaTeX Info: Redefining \frac on input line 234.
\uproot@=\count270
\leftroot@=\count271
LaTeX Info: Redefining \overline on input line 399.
\classnum@=\count272
\DOTSCASE@=\count273
LaTeX Info: Redefining \ldots on input line 496.
LaTeX Info: Redefining \dots on input line 499.
LaTeX Info: Redefining \cdots on input line 620.
\Mathstrutbox@=\box52
\strutbox@=\box53
\big@size=\dimen155
LaTeX Font Info:    Redeclaring font encoding OML on input line 743.
LaTeX Font Info:    Redeclaring font encoding OMS on input line 744.
\macc@depth=\count274
\c@MaxMatrixCols=\count275
\dotsspace@=\muskip16
\c@parentequation=\count276
\dspbrk@lvl=\count277
\tag@help=\toks23
\row@=\count278
\column@=\count279
\maxfields@=\count280
\andhelp@=\toks24
\eqnshift@=\dimen156
\alignsep@=\dimen157
\tagshift@=\dimen158
\tagwidth@=\dimen159
\totwidth@=\dimen160
\lineht@=\dimen161
\@envbody=\toks25
\multlinegap=\skip65
\multlinetaggap=\skip66
\mathdisplay@stack=\toks26
LaTeX Info: Redefining \[ on input line 2938.
LaTeX Info: Redefining \] on input line 2939.
) (/usr/share/texlive/texmf-dist/tex/latex/mathtools/mathtools.sty
Package: mathtools 2021/02/02 v1.28 mathematical typesetting tools
 (/usr/share/texlive/texmf-dist/tex/latex/tools/calc.sty
Package: calc 2017/05/25 v4.3 Infix arithmetic (KKT,FJ)
\calc@Acount=\count281
\calc@Bcount=\count282
\calc@Adimen=\dimen162
\calc@Bdimen=\dimen163
\calc@Askip=\skip67
\calc@Bskip=\skip68
LaTeX Info: Redefining \setlength on input line 80.
LaTeX Info: Redefining \addtolength on input line 81.
\calc@Ccount=\count283
\calc@Cskip=\skip69
) (/usr/share/texlive/texmf-dist/tex/latex/mathtools/mhsetup.sty
Package: mhsetup 2021/03/18 v1.4 programming setup (MH)
)
\g_MT_multlinerow_int=\count284
\l_MT_multwidth_dim=\dimen164
\origjot=\skip70
\l_MT_shortvdotswithinadjustabove_dim=\dimen165
\l_MT_shortvdotswithinadjustbelow_dim=\dimen166
\l_MT_above_intertext_sep=\dimen167
\l_MT_below_intertext_sep=\dimen168
\l_MT_above_shortintertext_sep=\dimen169
\l_MT_below_shortintertext_sep=\dimen170
\xmathstrut@box=\box54
\xmathstrut@dim=\dimen171
) (/usr/share/texlive/texmf-dist/tex/latex/relsize/relsize.sty
Package: relsize 2013/03/29 ver 4.1
) (/usr/share/texlive/texmf-dist/tex/latex/amscls/amsthm.sty
Package: amsthm 2020/05/29 v2.20.6
\thm@style=\toks27
\thm@bodyfont=\toks28
\thm@headfont=\toks29
\thm@notefont=\toks30
\thm@headpunct=\toks31
\thm@preskip=\skip71
\thm@postskip=\skip72
\thm@headsep=\skip73
\dth@everypar=\toks32
) (/usr/share/texlive/texmf-dist/tex/latex/xpatch/xpatch.sty (/usr/share/texlive/texmf-dist/tex/latex/l3kernel/expl3.sty
Package: expl3 2022-01-21 L3 programming layer (loader) 
 (/usr/share/texlive/texmf-dist/tex/latex/l3backend/l3backend-pdftex.def
File: l3backend-pdftex.def 2022-01-12 L3 backend support: PDF output (pdfTeX)
\l__color_backend_stack_int=\count285
\l__pdf_internal_box=\box55
))
Package: xpatch 2020/03/25 v0.3a Extending etoolbox patching commands
 (/usr/share/texlive/texmf-dist/tex/latex/l3packages/xparse/xparse.sty
Package: xparse 2022-01-12 L3 Experimental document command parser
) (/usr/share/texlive/texmf-dist/tex/latex/etoolbox/etoolbox.sty
Package: etoolbox 2020/10/05 v2.5k e-TeX tools for LaTeX (JAW)
\etb@tempcnta=\count286
))
Class scrbook Info: amsthm's \deferred@thm@head patched.
 (/usr/share/texlive/texmf-dist/tex/latex/doublestroke/dsfont.sty
Package: dsfont 1995/08/01 v0.1 Double stroke roman fonts
) (/usr/share/texlive/texmf-dist/tex/latex/tools/bm.sty
Package: bm 2021/04/25 v1.2e Bold Symbol Support (DPC/FMi)
\symboldoperators=\mathgroup6
\symboldletters=\mathgroup7
\symboldsymbols=\mathgroup8
Package bm Info: No bold for \OMX/cmex/m/n, using \pmb.
Package bm Info: No bold for \U/msa/m/n, using \pmb.
Package bm Info: No bold for \U/msb/m/n, using \pmb.
LaTeX Font Info:    Redeclaring math alphabet \mathbf on input line 149.
) (/usr/share/texlive/texmf-dist/tex/latex/acronym/acronym.sty
Package: acronym 2020/04/17 v1.47 Support for acronyms (Tobias Oetiker)
 (/usr/share/texlive/texmf-dist/tex/latex/bigfoot/suffix.sty
Package: suffix 2006/07/15 1.5a Variant command support
) (/usr/share/texlive/texmf-dist/tex/generic/xstring/xstring.sty (/usr/share/texlive/texmf-dist/tex/generic/xstring/xstring.tex
\integerpart=\count287
\decimalpart=\count288
)
Package: xstring 2021/07/21 v1.84 String manipulations (CT)
)
\AC@clearlist=\toks33
) (/usr/share/texlive/texmf-dist/tex/latex/pdfpages/pdfpages.sty
Package: pdfpages 2022/01/29 v0.5u Insert pages of external PDF documents (AM)
 (/usr/share/texlive/texmf-dist/tex/latex/base/ifthen.sty
Package: ifthen 2020/11/24 v1.1c Standard LaTeX ifthen package (DPC)
) (/usr/share/texlive/texmf-dist/tex/latex/eso-pic/eso-pic.sty
Package: eso-pic 2020/10/14 v3.0a eso-pic (RN)
\ESO@tempdima=\dimen172
\ESO@tempdimb=\dimen173
)
\AM@pagewidth=\dimen174
\AM@pageheight=\dimen175
\AM@fboxrule=\dimen176
 (/usr/share/texlive/texmf-dist/tex/latex/pdfpages/pppdftex.def
File: pppdftex.def 2022/01/29 v0.5u Pdfpages driver for pdfTeX (AM)
)
\pdfpages@includegraphics@status=\count289
\AM@pagebox=\box56
\AM@global@opts=\toks34
\AM@pagecnt=\count290
\AM@toc@title=\toks35
\c@AM@survey=\count291
\AM@templatesizebox=\box57
) (/usr/share/texlive/texmf-dist/tex/latex/braket/braket.sty) (/usr/share/texlive/texmf-dist/tex/latex/wrapfig/wrapfig.sty
\wrapoverhang=\dimen177
\WF@size=\dimen178
\c@WF@wrappedlines=\count292
\WF@box=\box58
\WF@everypar=\toks36
Package: wrapfig 2003/01/31  v 3.6
) (/usr/share/texlive/texmf-dist/tex/latex/floatrow/floatrow.sty
Package: floatrow 2008/08/02 v0.3b floatrow: float package extension
 (/usr/share/texlive/texmf-dist/tex/latex/caption/caption3.sty
Package: caption3 2020/10/21 v2.2e caption3 kernel (AR)
\captionmargin=\dimen179
\captionmargin@=\dimen180
\captionwidth=\dimen181
\caption@tempdima=\dimen182
\caption@indent=\dimen183
\caption@parindent=\dimen184
\caption@hangindent=\dimen185
Package caption Info: KOMA-Script document class detected.
 (/usr/share/texlive/texmf-dist/tex/latex/caption/caption-koma.sto
File: caption-koma.sto 2020/09/21 v2.0b Adaption of the caption package to the KOMA-Script document classes (AR)
))
\c@float@type=\count293
\float@exts=\toks37
\float@box=\box59
\@floatcapt=\box60
Package floatrow Info: Modified float package code loaded on input line 455.
Package floatrow Info: Modified rotfloat package code loaded on input line 473.
\FR@everyfloat=\toks38
\flrow@foot=\insert252
\FB@wd=\dimen186
\FBo@wd=\dimen187
\FBc@wd=\dimen188
\FBo@ht=\skip74
\FBc@ht=\skip75
\FBf@ht=\skip76
\FBo@max=\skip77
\FBc@max=\skip78
\FBf@max=\skip79
\c@FBl@b=\count294
\floatbox@depth=\count295
\c@FRobj=\count296
\c@FRsobj=\count297
\Xhsize=\skip80
\sXhsize=\skip81
\Zhsize=\skip82
\sZhsize=\skip83
\flrow@rowbox=\box61
\FR@Zunitlength=\dimen189
\c@FBcnt=\count298
\FPOScnt=\count299
\LTleft=\skip84
\LTright=\skip85
\LTleft=\skip86
\LTright=\skip87
\flrow@types=\toks39
) (/usr/share/texlive/texmf-dist/tex/latex/appendix/appendix.sty
Package: appendix 2020/02/08 v1.2c extra appendix facilities
\c@@pps=\count300
\c@@ppsavesec=\count301
\c@@ppsaveapp=\count302
) (/usr/share/texlive/texmf-dist/tex/latex/xcolor/xcolor.sty
Package: xcolor 2021/10/31 v2.13 LaTeX color extensions (UK)
 (/usr/share/texlive/texmf-dist/tex/latex/graphics-cfg/color.cfg
File: color.cfg 2016/01/02 v1.6 sample color configuration
)
Package xcolor Info: Driver file: pdftex.def on input line 227.
LaTeX Info: Redefining \color on input line 711.
Package xcolor Info: Model `cmy' substituted by `cmy0' on input line 1352.
Package xcolor Info: Model `hsb' substituted by `rgb' on input line 1356.
Package xcolor Info: Model `RGB' extended on input line 1368.
Package xcolor Info: Model `HTML' substituted by `rgb' on input line 1370.
Package xcolor Info: Model `Hsb' substituted by `hsb' on input line 1371.
Package xcolor Info: Model `tHsb' substituted by `hsb' on input line 1372.
Package xcolor Info: Model `HSB' substituted by `hsb' on input line 1373.
Package xcolor Info: Model `Gray' substituted by `gray' on input line 1374.
Package xcolor Info: Model `wave' substituted by `hsb' on input line 1375.
) (/usr/share/texlive/texmf-dist/tex/latex/hyperref/hyperref.sty
Package: hyperref 2021-06-07 v7.00m Hypertext links for LaTeX
 (/usr/share/texlive/texmf-dist/tex/generic/ltxcmds/ltxcmds.sty
Package: ltxcmds 2020-05-10 v1.25 LaTeX kernel commands for general use (HO)
) (/usr/share/texlive/texmf-dist/tex/generic/pdftexcmds/pdftexcmds.sty
Package: pdftexcmds 2020-06-27 v0.33 Utility functions of pdfTeX for LuaTeX (HO)
 (/usr/share/texlive/texmf-dist/tex/generic/infwarerr/infwarerr.sty
Package: infwarerr 2019/12/03 v1.5 Providing info/warning/error messages (HO)
)
Package pdftexcmds Info: \pdf@primitive is available.
Package pdftexcmds Info: \pdf@ifprimitive is available.
Package pdftexcmds Info: \pdfdraftmode found.
) (/usr/share/texlive/texmf-dist/tex/generic/kvsetkeys/kvsetkeys.sty
Package: kvsetkeys 2019/12/15 v1.18 Key value parser (HO)
) (/usr/share/texlive/texmf-dist/tex/generic/kvdefinekeys/kvdefinekeys.sty
Package: kvdefinekeys 2019-12-19 v1.6 Define keys (HO)
) (/usr/share/texlive/texmf-dist/tex/generic/pdfescape/pdfescape.sty
Package: pdfescape 2019/12/09 v1.15 Implements pdfTeX's escape features (HO)
) (/usr/share/texlive/texmf-dist/tex/latex/hycolor/hycolor.sty
Package: hycolor 2020-01-27 v1.10 Color options for hyperref/bookmark (HO)
) (/usr/share/texlive/texmf-dist/tex/latex/letltxmacro/letltxmacro.sty
Package: letltxmacro 2019/12/03 v1.6 Let assignment for LaTeX macros (HO)
) (/usr/share/texlive/texmf-dist/tex/latex/auxhook/auxhook.sty
Package: auxhook 2019-12-17 v1.6 Hooks for auxiliary files (HO)
) (/usr/share/texlive/texmf-dist/tex/latex/kvoptions/kvoptions.sty
Package: kvoptions 2020-10-07 v3.14 Key value format for package options (HO)
)
\@linkdim=\dimen190
\Hy@linkcounter=\count303
\Hy@pagecounter=\count304
 (/usr/share/texlive/texmf-dist/tex/latex/hyperref/pd1enc.def
File: pd1enc.def 2021-06-07 v7.00m Hyperref: PDFDocEncoding definition (HO)
Now handling font encoding PD1 ...
... no UTF-8 mapping file for font encoding PD1
) (/usr/share/texlive/texmf-dist/tex/latex/hyperref/hyperref-langpatches.def
File: hyperref-langpatches.def 2021-06-07 v7.00m Hyperref: patches for babel languages
) (/usr/share/texlive/texmf-dist/tex/generic/intcalc/intcalc.sty
Package: intcalc 2019/12/15 v1.3 Expandable calculations with integers (HO)
) (/usr/share/texlive/texmf-dist/tex/generic/etexcmds/etexcmds.sty
Package: etexcmds 2019/12/15 v1.7 Avoid name clashes with e-TeX commands (HO)
)
\Hy@SavedSpaceFactor=\count305
 (/usr/share/texlive/texmf-dist/tex/latex/hyperref/puenc.def
File: puenc.def 2021-06-07 v7.00m Hyperref: PDF Unicode definition (HO)
Now handling font encoding PU ...
... no UTF-8 mapping file for font encoding PU
)
Package hyperref Info: Option `unicode' set `true' on input line 4073.
Package hyperref Info: Option `colorlinks' set `true' on input line 4073.
Package hyperref Info: Option `hypertexnames' set `false' on input line 4073.
Package hyperref Info: Hyper figures OFF on input line 4192.
Package hyperref Info: Link nesting OFF on input line 4197.
Package hyperref Info: Hyper index ON on input line 4200.
Package hyperref Info: Plain pages OFF on input line 4207.
Package hyperref Info: Backreferencing OFF on input line 4212.
Package hyperref Info: Implicit mode ON; LaTeX internals redefined.
Package hyperref Info: Bookmarks ON on input line 4445.
\c@Hy@tempcnt=\count306
 (/usr/share/texlive/texmf-dist/tex/latex/url/url.sty
\Urlmuskip=\muskip17
Package: url 2013/09/16  ver 3.4  Verb mode for urls, etc.
)
LaTeX Info: Redefining \url on input line 4804.
\XeTeXLinkMargin=\dimen191
 (/usr/share/texlive/texmf-dist/tex/generic/bitset/bitset.sty
Package: bitset 2019/12/09 v1.3 Handle bit-vector datatype (HO)
 (/usr/share/texlive/texmf-dist/tex/generic/bigintcalc/bigintcalc.sty
Package: bigintcalc 2019/12/15 v1.5 Expandable calculations on big integers (HO)
))
\Fld@menulength=\count307
\Field@Width=\dimen192
\Fld@charsize=\dimen193
Package hyperref Info: Hyper figures OFF on input line 6076.
Package hyperref Info: Link nesting OFF on input line 6081.
Package hyperref Info: Hyper index ON on input line 6084.
Package hyperref Info: backreferencing OFF on input line 6091.
Package hyperref Info: Link coloring ON on input line 6094.
Package hyperref Info: Link coloring with OCG OFF on input line 6101.
Package hyperref Info: PDF/A mode OFF on input line 6106.
LaTeX Info: Redefining \ref on input line 6146.
LaTeX Info: Redefining \pageref on input line 6150.
 (/usr/share/texlive/texmf-dist/tex/latex/base/atbegshi-ltx.sty
Package: atbegshi-ltx 2021/01/10 v1.0c Emulation of the original atbegshi
package with kernel methods
)
\Hy@abspage=\count308
\c@Item=\count309
\c@Hfootnote=\count310
)
Package hyperref Info: Driver (autodetected): hpdftex.
 (/usr/share/texlive/texmf-dist/tex/latex/hyperref/hpdftex.def
File: hpdftex.def 2021-06-07 v7.00m Hyperref driver for pdfTeX
 (/usr/share/texlive/texmf-dist/tex/latex/base/atveryend-ltx.sty
Package: atveryend-ltx 2020/08/19 v1.0a Emulation of the original atveryend package
with kernel methods
)
\Fld@listcount=\count311
\c@bookmark@seq@number=\count312
 (/usr/share/texlive/texmf-dist/tex/latex/rerunfilecheck/rerunfilecheck.sty
Package: rerunfilecheck 2019/12/05 v1.9 Rerun checks for auxiliary files (HO)
 (/usr/share/texlive/texmf-dist/tex/generic/uniquecounter/uniquecounter.sty
Package: uniquecounter 2019/12/15 v1.4 Provide unlimited unique counter (HO)
)
Package uniquecounter Info: New unique counter `rerunfilecheck' on input line 286.
)
\Hy@SectionHShift=\skip88
) (/usr/share/texlive/texmf-dist/tex/latex/caption/caption.sty
Package: caption 2020/10/26 v3.5g Customizing captions (AR)
\c@caption@flags=\count313
\c@continuedfloat=\count314
Package caption Info: float package is loaded.
Package caption Info: floatrow package is loaded.
Package caption Info: hyperref package is loaded.
Package caption Info: wrapfig package is loaded.
) (/usr/share/texlive/texmf-dist/tex/latex/csquotes/csquotes.sty
Package: csquotes 2021-02-22 v5.2l context-sensitive quotations (JAW)
\csq@reset=\count315
\csq@gtype=\count316
\csq@glevel=\count317
\csq@qlevel=\count318
\csq@maxlvl=\count319
\csq@tshold=\count320
\csq@ltx@everypar=\toks40
 (/usr/share/texlive/texmf-dist/tex/latex/csquotes/csquotes.def
File: csquotes.def 2021-02-22 v5.2l csquotes generic definitions (JAW)
)
Package csquotes Info: Trying to load configuration file 'csquotes.cfg'...
Package csquotes Info: ... configuration file loaded successfully.
 (/usr/share/texlive/texmf-dist/tex/latex/csquotes/csquotes.cfg
File: csquotes.cfg 
)) (/usr/share/texlive/texmf-dist/tex/latex/biblatex/biblatex.sty
Package: biblatex 2022/02/02 v3.17 programmable bibliographies (PK/MW)
 (/usr/share/texlive/texmf-dist/tex/latex/logreq/logreq.sty
Package: logreq 2010/08/04 v1.0 xml request logger
\lrq@indent=\count321
 (/usr/share/texlive/texmf-dist/tex/latex/logreq/logreq.def
File: logreq.def 2010/08/04 v1.0 logreq spec v1.0
))
\c@tabx@nest=\count322
\c@listtotal=\count323
\c@listcount=\count324
\c@liststart=\count325
\c@liststop=\count326
\c@citecount=\count327
\c@citetotal=\count328
\c@multicitecount=\count329
\c@multicitetotal=\count330
\c@instcount=\count331
\c@maxnames=\count332
\c@minnames=\count333
\c@maxitems=\count334
\c@minitems=\count335
\c@citecounter=\count336
\c@maxcitecounter=\count337
\c@savedcitecounter=\count338
\c@uniquelist=\count339
\c@uniquename=\count340
\c@refsection=\count341
\c@refsegment=\count342
\c@maxextratitle=\count343
\c@maxextratitleyear=\count344
\c@maxextraname=\count345
\c@maxextradate=\count346
\c@maxextraalpha=\count347
\c@abbrvpenalty=\count348
\c@highnamepenalty=\count349
\c@lownamepenalty=\count350
\c@maxparens=\count351
\c@parenlevel=\count352
\blx@tempcnta=\count353
\blx@tempcntb=\count354
\blx@tempcntc=\count355
\c@blx@maxsection=\count356
\c@blx@maxsegment@0=\count357
\blx@notetype=\count358
\blx@parenlevel@text=\count359
\blx@parenlevel@foot=\count360
\c@blx@sectionciteorder@0=\count361
\blx@entrysetcounter=\count362
\blx@biblioinstance=\count363
\labelnumberwidth=\skip89
\labelalphawidth=\skip90
\biblabelsep=\skip91
\bibitemsep=\skip92
\bibnamesep=\skip93
\bibinitsep=\skip94
\bibparsep=\skip95
\bibhang=\skip96
\blx@bcfin=\read3
\blx@bcfout=\write3
\blx@langwohyphens=\language4
\c@mincomprange=\count364
\c@maxcomprange=\count365
\c@mincompwidth=\count366
Package biblatex Info: Trying to load biblatex default data model...
Package biblatex Info: ... file 'blx-dm.def' found.
 (/usr/share/texlive/texmf-dist/tex/latex/biblatex/blx-dm.def
File: blx-dm.def 2022/02/02 v3.17 biblatex localization (PK/MW)
)
Package biblatex Info: Trying to load biblatex citestyle data model...
Package biblatex Info: ... file 'phys.dbx' found.
 (/usr/share/texlive/texmf-dist/tex/latex/biblatex-phys/phys.dbx
File: phys.dbx 2019/12/03 v1.1b biblatex database model extension
)
Package biblatex Info: Trying to load biblatex custom data model...
Package biblatex Info: ... file 'biblatex-dm.cfg' not found.
\c@afterword=\count367
\c@savedafterword=\count368
\c@annotator=\count369
\c@savedannotator=\count370
\c@author=\count371
\c@savedauthor=\count372
\c@bookauthor=\count373
\c@savedbookauthor=\count374
\c@commentator=\count375
\c@savedcommentator=\count376
\c@editor=\count377
\c@savededitor=\count378
\c@editora=\count379
\c@savededitora=\count380
\c@editorb=\count381
\c@savededitorb=\count382
\c@editorc=\count383
\c@savededitorc=\count384
\c@foreword=\count385
\c@savedforeword=\count386
\c@holder=\count387
\c@savedholder=\count388
\c@introduction=\count389
\c@savedintroduction=\count390
\c@namea=\count391
\c@savednamea=\count392
\c@nameb=\count393
\c@savednameb=\count394
\c@namec=\count395
\c@savednamec=\count396
\c@translator=\count397
\c@savedtranslator=\count398
\c@shortauthor=\count399
\c@savedshortauthor=\count400
\c@shorteditor=\count401
\c@savedshorteditor=\count402
\c@labelname=\count403
\c@savedlabelname=\count404
\c@institution=\count405
\c@savedinstitution=\count406
\c@lista=\count407
\c@savedlista=\count408
\c@listb=\count409
\c@savedlistb=\count410
\c@listc=\count411
\c@savedlistc=\count412
\c@listd=\count413
\c@savedlistd=\count414
\c@liste=\count415
\c@savedliste=\count416
\c@listf=\count417
\c@savedlistf=\count418
\c@location=\count419
\c@savedlocation=\count420
\c@organization=\count421
\c@savedorganization=\count422
\c@origlocation=\count423
\c@savedoriglocation=\count424
\c@origpublisher=\count425
\c@savedorigpublisher=\count426
\c@publisher=\count427
\c@savedpublisher=\count428
\c@language=\count429
\c@savedlanguage=\count430
\c@origlanguage=\count431
\c@savedoriglanguage=\count432
\c@pageref=\count433
\c@savedpageref=\count434
\shorthandwidth=\skip97
\shortjournalwidth=\skip98
\shortserieswidth=\skip99
\shorttitlewidth=\skip100
\shortauthorwidth=\skip101
\shorteditorwidth=\skip102
\locallabelnumberwidth=\skip103
\locallabelalphawidth=\skip104
\localshorthandwidth=\skip105
\localshortjournalwidth=\skip106
\localshortserieswidth=\skip107
\localshorttitlewidth=\skip108
\localshortauthorwidth=\skip109
\localshorteditorwidth=\skip110
Package biblatex Info: Trying to load compatibility code...
Package biblatex Info: ... file 'blx-compat.def' found.
 (/usr/share/texlive/texmf-dist/tex/latex/biblatex/blx-compat.def
File: blx-compat.def 2022/02/02 v3.17 biblatex compatibility (PK/MW)
)
Package biblatex Info: Trying to load generic definitions...
Package biblatex Info: ... file 'biblatex.def' found.
 (/usr/share/texlive/texmf-dist/tex/latex/biblatex/biblatex.def
File: biblatex.def 2022/02/02 v3.17 biblatex compatibility (PK/MW)
\c@textcitecount=\count435
\c@textcitetotal=\count436
\c@textcitemaxnames=\count437
\c@biburlbigbreakpenalty=\count438
\c@biburlbreakpenalty=\count439
\c@biburlnumpenalty=\count440
\c@biburlucpenalty=\count441
\c@biburllcpenalty=\count442
\biburlbigskip=\muskip18
\biburlnumskip=\muskip19
\biburlucskip=\muskip20
\biburllcskip=\muskip21
\c@smartand=\count443
)
Package biblatex Info: Trying to load bibliography style 'phys'...
Package biblatex Info: ... file 'phys.bbx' found.
 (/usr/share/texlive/texmf-dist/tex/latex/biblatex-phys/phys.bbx
File: phys.bbx 2019/12/03 v1.1b biblatex bibliography style
Package biblatex Info: Trying to load bibliography style 'numeric-comp'...
Package biblatex Info: ... file 'numeric-comp.bbx' found.
 (/usr/share/texlive/texmf-dist/tex/latex/biblatex/bbx/numeric-comp.bbx
File: numeric-comp.bbx 2022/02/02 v3.17 biblatex bibliography style (PK/MW)
Package biblatex Info: Trying to load bibliography style 'numeric'...
Package biblatex Info: ... file 'numeric.bbx' found.
 (/usr/share/texlive/texmf-dist/tex/latex/biblatex/bbx/numeric.bbx
File: numeric.bbx 2022/02/02 v3.17 biblatex bibliography style (PK/MW)
Package biblatex Info: Trying to load bibliography style 'standard'...
Package biblatex Info: ... file 'standard.bbx' found.
 (/usr/share/texlive/texmf-dist/tex/latex/biblatex/bbx/standard.bbx
File: standard.bbx 2022/02/02 v3.17 biblatex bibliography style (PK/MW)
\c@bbx:relatedcount=\count444
\c@bbx:relatedtotal=\count445
))))
Package biblatex Info: Trying to load citation style 'phys'...
Package biblatex Info: ... file 'phys.cbx' found.
 (/usr/share/texlive/texmf-dist/tex/latex/biblatex-phys/phys.cbx
File: phys.cbx 2019/12/03 v1.1b biblatex citation style
Package biblatex Info: Trying to load citation style 'numeric-comp'...
Package biblatex Info: ... file 'numeric-comp.cbx' found.
 (/usr/share/texlive/texmf-dist/tex/latex/biblatex/cbx/numeric-comp.cbx
File: numeric-comp.cbx 2022/02/02 v3.17 biblatex citation style (PK/MW)
\c@cbx@tempcnta=\count446
\c@cbx@tempcntb=\count447
\c@cbx@tempcntc=\count448
\c@cbx@tempcntd=\count449
Package biblatex Info: Redefining '\cite'.
Package biblatex Info: Redefining '\parencite'.
Package biblatex Info: Redefining '\footcite'.
Package biblatex Info: Redefining '\footcitetext'.
Package biblatex Info: Redefining '\smartcite'.
Package biblatex Info: Redefining '\supercite'.
Package biblatex Info: Redefining '\textcite'.
Package biblatex Info: Redefining '\textcites'.
Package biblatex Info: Redefining '\cites'.
Package biblatex Info: Redefining '\parencites'.
Package biblatex Info: Redefining '\smartcites'.
))
Package biblatex Info: Trying to load configuration file...
Package biblatex Info: ... file 'biblatex.cfg' found.
 (/usr/share/texlive/texmf-dist/tex/latex/biblatex/biblatex.cfg
File: biblatex.cfg 
)
Package biblatex Info: Input encoding 'utf8' detected.
Package biblatex Info: Document encoding is UTF8 ....
Package biblatex Info: ... and expl3
(biblatex)             2022-01-21 L3 programming layer (loader) 
(biblatex)             is new enough (at least 2020/04/06),
(biblatex)             setting 'casechanger=expl3'.
 (/usr/share/texlive/texmf-dist/tex/latex/biblatex/blx-case-expl3.sty
Package: blx-case-expl3 2022/02/02 v3.17 expl3 case changing code for biblatex
))
Package csquotes Info: Checking for multilingual support...
Package csquotes Info: ... found 'babel' package.
Package csquotes Info: Adjusting default style.
Package csquotes Info: Redefining alias 'default' -> 'english'.

No file main.aux.
\openout1 = `main.aux'.

LaTeX Font Info:    Checking defaults for OML/cmm/m/it on input line 226.
LaTeX Font Info:    ... okay on input line 226.
LaTeX Font Info:    Checking defaults for OMS/cmsy/m/n on input line 226.
LaTeX Font Info:    ... okay on input line 226.
LaTeX Font Info:    Checking defaults for OT1/cmr/m/n on input line 226.
LaTeX Font Info:    ... okay on input line 226.
LaTeX Font Info:    Checking defaults for T1/cmr/m/n on input line 226.
LaTeX Font Info:    ... okay on input line 226.
LaTeX Font Info:    Checking defaults for TS1/cmr/m/n on input line 226.
LaTeX Font Info:    ... okay on input line 226.
LaTeX Font Info:    Checking defaults for OMX/cmex/m/n on input line 226.
LaTeX Font Info:    ... okay on input line 226.
LaTeX Font Info:    Checking defaults for U/cmr/m/n on input line 226.
LaTeX Font Info:    ... okay on input line 226.
LaTeX Font Info:    Checking defaults for PD1/pdf/m/n on input line 226.
LaTeX Font Info:    ... okay on input line 226.
LaTeX Font Info:    Checking defaults for PU/pdf/m/n on input line 226.
LaTeX Font Info:    ... okay on input line 226.
Package scrbase Info: activating english \contentsname on input line 226.
Package scrbase Info: activating english \listfigurename on input line 226.
Package scrbase Info: activating english \listtablename on input line 226.
(/usr/share/texlive/texmf-dist/tex/context/base/mkii/supp-pdf.mkii
[Loading MPS to PDF converter (version 2006.09.02).]
\scratchcounter=\count450
\scratchdimen=\dimen194
\scratchbox=\box62
\nofMPsegments=\count451
\nofMParguments=\count452
\everyMPshowfont=\toks41
\MPscratchCnt=\count453
\MPscratchDim=\dimen195
\MPnumerator=\count454
\makeMPintoPDFobject=\count455
\everyMPtoPDFconversion=\toks42
) (/usr/share/texlive/texmf-dist/tex/latex/epstopdf-pkg/epstopdf-base.sty
Package: epstopdf-base 2020-01-24 v2.11 Base part for package epstopdf
Package epstopdf-base Info: Redefining graphics rule for `.eps' on input line 485.
 (/usr/share/texlive/texmf-dist/tex/latex/latexconfig/epstopdf-sys.cfg
File: epstopdf-sys.cfg 2010/07/13 v1.3 Configuration of (r)epstopdf for TeX Live
))
*geometry* driver: auto-detecting
*geometry* detected driver: pdftex
*geometry* verbose mode - [ preamble ] result:
* driver: pdftex
* paper: a4paper
* layout: <same size as paper>
* layoutoffset:(h,v)=(0.0pt,0.0pt)
* modes: twoside 
* h-part:(L,W,R)=(91.04872pt, 449.55365pt, 56.9055pt)
* v-part:(T,H,B)=(76.82234pt, 682.86624pt, 85.35826pt)
* \paperwidth=597.50787pt
* \paperheight=845.04684pt
* \textwidth=0.0pt
* \textheight=682.86624pt
* \oddsidemargin=18.77873pt
* \evensidemargin=-15.36449pt
* \topmargin=-27.94765pt
* \headheight=14.5pt
* \headsep=18.0pt
* \topskip=10.0pt
* \footskip=42.0pt
* \marginparwidth=112.03273pt
* \marginparsep=12.8401pt
* \columnsep=10.0pt
* \skip\footins=9.0pt plus 4.0pt minus 2.0pt
* \hoffset=0.0pt
* \voffset=0.0pt
* \mag=1000
* \@twocolumnfalse
* \@twosidetrue
* \@mparswitchtrue
* \@reversemarginfalse
* (1in=72.27pt=25.4mm, 1cm=28.453pt)

Package crop Info: requested driver: `' on input line 226.
Package crop Info: detected driver: `pdftex' on input line 226.
Package crop Info: using `pdftex' graphics driver on input line 226.
(/usr/share/texlive/texmf-dist/tex/latex/pdflscape/pdflscape.sty
Package: pdflscape 2019/12/05 v0.12 Display of landscape pages in PDF (HO)
 (/usr/share/texlive/texmf-dist/tex/latex/graphics/lscape.sty
Package: lscape 2020/05/28 v3.02 Landscape Pages (DPC)
)
Package pdflscape Info: Auto-detected driver: pdftex on input line 81.
)
Package caption Info: Begin \AtBeginDocument code.
Package caption Info: End \AtBeginDocument code.
Package hyperref Info: Link coloring ON on input line 226.
 (/usr/share/texlive/texmf-dist/tex/latex/hyperref/nameref.sty
Package: nameref 2021-04-02 v2.47 Cross-referencing by name of section
 (/usr/share/texlive/texmf-dist/tex/latex/refcount/refcount.sty
Package: refcount 2019/12/15 v3.6 Data extraction from label references (HO)
) (/usr/share/texlive/texmf-dist/tex/generic/gettitlestring/gettitlestring.sty
Package: gettitlestring 2019/12/15 v1.6 Cleanup title references (HO)
)
\c@section@level=\count456
)
LaTeX Info: Redefining \ref on input line 226.
LaTeX Info: Redefining \pageref on input line 226.
LaTeX Info: Redefining \nameref on input line 226.
\@outlinefile=\write4
\openout4 = `main.out'.

Class scrbook Info: loading recommended package `bookmark'.
(scrbook)           Using `bookmark' together with `hyperref' is recommended,
(scrbook)           because of handling of possible bookmark level gaps.
(scrbook)           You can avoid loading `bookmark' with KOMA-Script option
(scrbook)           `bookmarkpackage=false' before \begin{document} and
(scrbook)           you can avoid this message adding:
(scrbook)             \usepackage{bookmark}
(scrbook)           before \begin{document} on input line 226.
 (/usr/share/texlive/texmf-dist/tex/latex/bookmark/bookmark.sty
Package: bookmark 2020-11-06 v1.29 PDF bookmarks (HO)
 (/usr/share/texlive/texmf-dist/tex/latex/bookmark/bkm-pdftex.def
File: bkm-pdftex.def 2020-11-06 v1.29 bookmark driver for pdfTeX (HO)
\BKM@id=\count457
))
Package biblatex Info: Trying to load language 'english'...
Package biblatex Info: ... file 'english.lbx' found.
 (/usr/share/texlive/texmf-dist/tex/latex/biblatex/lbx/english.lbx
File: english.lbx 2022/02/02 v3.17 biblatex localization (PK/MW)
)
Package biblatex Info: Input encoding 'utf8' detected.
Package biblatex Info: Automatic encoding selection.
(biblatex)             Assuming data encoding 'utf8'.
\openout3 = `main.bcf'.

Package biblatex Info: Trying to load bibliographic data...
Package biblatex Info: ... file 'main.bbl' found.
 (./main.bbl)
Package biblatex Info: Reference section=0 on input line 226.
Package biblatex Info: Reference segment=0 on input line 226.
LaTeX Font Info:    Trying to load font information for U+msa on input line 228.
 (/usr/share/texlive/texmf-dist/tex/latex/amsfonts/umsa.fd
File: umsa.fd 2013/01/14 v3.01 AMS symbols A
)
LaTeX Font Info:    Trying to load font information for U+msb on input line 228.
 (/usr/share/texlive/texmf-dist/tex/latex/amsfonts/umsb.fd
File: umsb.fd 2013/01/14 v3.01 AMS symbols B
)
Overfull \hbox (4.99878pt too wide) has occurred while \output is active
 []|[]\T1/cmr/m/n/10 1[]|
 []

[1

{/var/lib/texmf/fonts/map/pdftex/updmap/pdftex.map}] [2


]
Overfull \hbox (45.33968pt too wide) in paragraph at lines 228--228
 []\T1/cmr/bx/n/20.74 MS - 
 []


Overfull \hbox (34.33151pt too wide) in paragraph at lines 228--228
 \T1/cmr/bx/n/20.74 Mi- 
 []


Overfull \hbox (45.86728pt too wide) in paragraph at lines 228--228
 \T1/cmr/bx/n/20.74 chol- 
 []


Overfull \hbox (31.92365pt too wide) in paragraph at lines 228--228
 \T1/cmr/bx/n/20.74 son 
 []


Overfull \hbox (27.62016pt too wide) in paragraph at lines 228--228
 \T1/cmr/bx/n/20.74 In- 
 []


Overfull \hbox (34.6984pt too wide) in paragraph at lines 228--228
 \T1/cmr/bx/n/20.74 ter- 
 []


Overfull \hbox (32.86371pt too wide) in paragraph at lines 228--228
 \T1/cmr/bx/n/20.74 fer- 
 []


Overfull \hbox (36.69385pt too wide) in paragraph at lines 228--228
 \T1/cmr/bx/n/20.74 om- 
 []


Overfull \hbox (17.29257pt too wide) in paragraph at lines 228--228
 \T1/cmr/bx/n/20.74 e- 
 []


Overfull \hbox (27.35962pt too wide) in paragraph at lines 228--228
 \T1/cmr/bx/n/20.74 ter 
 []


Overfull \hbox (107.70792pt too wide) in paragraph at lines 228--228
 []\T1/cmr/m/sc/14.4 Physikalisches 
 []


Overfull \hbox (41.89409pt too wide) in paragraph at lines 228--228
 \T1/cmr/m/sc/14.4 Prak- 
 []


Overfull \hbox (42.00566pt too wide) in paragraph at lines 228--228
 \T1/cmr/m/sc/14.4 tikum 
 []


Overfull \hbox (7.38805pt too wide) in paragraph at lines 228--228
 \T1/cmr/m/sc/14.4 2 
 []


Overfull \hbox (33.83894pt too wide) in paragraph at lines 228--228
\T1/cmr/m/it/12 Autor:  
 []


Overfull \hbox (47.70636pt too wide) in paragraph at lines 228--228
[]\T1/cmr/m/n/12 Christian 
 []


Overfull \hbox (28.79575pt too wide) in paragraph at lines 228--228
\T1/cmr/m/n/12 Gom- 
 []


Overfull \hbox (45.03069pt too wide) in paragraph at lines 228--228
\T1/cmr/m/n/12 meringer  
 []


Overfull \hbox (48.22433pt too wide) in paragraph at lines 228--228
 \T1/cmr/m/it/12 Betreuer:
 []


Overfull \hbox (21.76271pt too wide) in paragraph at lines 228--228
 []\T1/cmr/m/n/12 Luis
 []


Overfull \hbox (30.50784pt too wide) in paragraph at lines 228--228
 \T1/cmr/m/n/12 Bauer
 []


Overfull \hbox (70.14954pt too wide) in paragraph at lines 228--228
 []\T1/cmr/m/n/10 Blockpraktikum 
 []


Overfull \hbox (24.04968pt too wide) in paragraph at lines 228--228
 \T1/cmr/m/n/10 Früh- 
 []


Overfull \hbox (17.5235pt too wide) in paragraph at lines 228--228
 \T1/cmr/m/n/10 jahr 
 []


Overfull \hbox (19.99512pt too wide) in paragraph at lines 228--228
 \T1/cmr/m/n/10 2025 
 []


Underfull \vbox (badness 10000) has occurred while \output is active []

 [3]
Overfull \hbox (26.42685pt too wide) in paragraph at lines 228--228
 []\T1/cmr/m/n/12 April 
 []


Overfull \hbox (9.13664pt too wide) in paragraph at lines 228--228
 \T1/cmr/m/n/12 2, 
 []


Overfull \hbox (23.49426pt too wide) in paragraph at lines 228--228
 \T1/cmr/m/n/12 2025 
 []


Overfull \hbox (4.99878pt too wide) has occurred while \output is active
[]|[]\T1/cmr/m/n/10 4[]|  
 []

[4]
1: section
1: chapter
1: chapter
1: section
(./chapters/theory.tex
chapter 1.

Class scrbook Warning: \float@addtolists detected!
(scrbook)              Implementation of \float@addtolist became
(scrbook)              deprecated in KOMA-Script v3.01 2008/11/14 and
(scrbook)              has been replaced by several more flexible
(scrbook)              features of package `tocbasic`.
(scrbook)              Since Version 3.12 support for deprecated
(scrbook)              \float@addtolist interface has been
(scrbook)              restricted to only some of the KOMA-Script
(scrbook)              features and been removed from others.
(scrbook)              Loading of package `scrhack' may help to
(scrbook)              avoid this warning, if you are using a
(scrbook)              a package that still implements the
(scrbook)              deprecated \float@addtolist interface.

LaTeX Font Info:    Trying to load font information for T1+cmss on input line 1.
(/usr/share/texlive/texmf-dist/tex/latex/base/t1cmss.fd
File: t1cmss.fd 2019/12/16 v2.5j Standard LaTeX font definitions
)
Overfull \hbox (135.40643pt too wide) in paragraph at lines 1--1
[]\T1/cmss/bx/n/20.74 Einführung  
 []

<pictures/ms_interferometer_aufbau.png, id=26, 344.28625pt x 265.99374pt>
File: pictures/ms_interferometer_aufbau.png Graphic file (type png)
<use pictures/ms_interferometer_aufbau.png>
Package pdftex.def Info: pictures/ms_interferometer_aufbau.png  used on input line 4.
(pdftex.def)             Requested size: 344.2854pt x 265.99309pt.

Overfull \hbox (344.2854pt too wide) in paragraph at lines 4--5
 [][][][] 
 []


Overfull \hbox (45.98877pt too wide) in paragraph at lines 5--5
[][][]\T1/cmr/m/n/10 Figure 1.1[][]:
 []


Overfull \hbox (22.42508pt too wide) in paragraph at lines 5--5
[]|\T1/cmr/bx/n/10 Auf-
 []


Overfull \hbox (18.36357pt too wide) in paragraph at lines 5--5
\T1/cmr/bx/n/10 bau
 []


Overfull \hbox (24.65509pt too wide) in paragraph at lines 5--5
\T1/cmr/bx/n/10 eines
 []


Overfull \hbox (37.5811pt too wide) in paragraph at lines 5--5
\T1/cmr/bx/n/10 Michel-
 []


Overfull \hbox (16.67093pt too wide) in paragraph at lines 5--5
\T1/cmr/bx/n/10 son
 []


Overfull \hbox (14.57977pt too wide) in paragraph at lines 5--5
\T1/cmr/bx/n/10 In-
 []


Overfull \hbox (18.30803pt too wide) in paragraph at lines 5--5
\T1/cmr/bx/n/10 ter-
 []


Overfull \hbox (17.34993pt too wide) in paragraph at lines 5--5
\T1/cmr/bx/n/10 fer-
 []


Overfull \hbox (19.16199pt too wide) in paragraph at lines 5--5
\T1/cmr/bx/n/10 om-
 []


Overfull \hbox (9.10194pt too wide) in paragraph at lines 5--5
\T1/cmr/bx/n/10 e-
 []


Overfull \hbox (22.2043pt too wide) in paragraph at lines 5--5
\T1/cmr/bx/n/10 ters.
 []


Overfull \hbox (16.57928pt too wide) in paragraph at lines 5--5
\T1/cmr/m/n/10 Das
 []


Overfull \hbox (18.19pt too wide) in paragraph at lines 5--5
\T1/cmr/m/n/10 Bild
 []


Overfull \hbox (10.60852pt too wide) in paragraph at lines 5--5
\T1/cmr/m/n/10 ist
 []


Overfull \hbox (13.91327pt too wide) in paragraph at lines 5--5
\T1/cmr/m/n/10 der
 []


Overfull \hbox (18.35663pt too wide) in paragraph at lines 5--5
\T1/cmr/m/n/10 Ver-
 []


Overfull \hbox (22.55005pt too wide) in paragraph at lines 5--5
\T1/cmr/m/n/10 such-
 []


Overfull \hbox (17.82898pt too wide) in paragraph at lines 5--5
\T1/cmr/m/n/10 san-
 []


Overfull \hbox (29.99268pt too wide) in paragraph at lines 5--5
\T1/cmr/m/n/10 leitung
 []


Overfull \hbox (16.9403pt too wide) in paragraph at lines 5--5
\T1/cmr/m/n/10 ent-
 []


Overfull \hbox (22.2168pt too wide) in paragraph at lines 5--5
\T1/cmr/m/n/10 nom-
 []


Overfull \hbox (21.10596pt too wide) in paragraph at lines 5--5
\T1/cmr/m/n/10 men.| 
 []


Overfull \hbox (16.57928pt too wide) in paragraph at lines 2--6
\T1/cmr/m/n/10 Das
 []


Overfull \hbox (32.21436pt too wide) in paragraph at lines 2--6
\T1/cmr/m/n/10 Michel-
 []


Overfull \hbox (14.49646pt too wide) in paragraph at lines 2--6
\T1/cmr/m/n/10 son
 []


Overfull \hbox (12.49695pt too wide) in paragraph at lines 2--6
\T1/cmr/m/n/10 In-
 []


Overfull \hbox (15.57953pt too wide) in paragraph at lines 2--6
\T1/cmr/m/n/10 ter-
 []


Overfull \hbox (14.7464pt too wide) in paragraph at lines 2--6
\T1/cmr/m/n/10 fer-
 []


Overfull \hbox (16.6626pt too wide) in paragraph at lines 2--6
\T1/cmr/m/n/10 om-
 []


Overfull \hbox (7.77588pt too wide) in paragraph at lines 2--6
\T1/cmr/m/n/10 e-
 []


Overfull \hbox (12.24701pt too wide) in paragraph at lines 2--6
\T1/cmr/m/n/10 ter
 []


Overfull \hbox (22.4945pt too wide) in paragraph at lines 2--6
\T1/cmr/m/n/10 beze-
 []


Overfull \hbox (15.82947pt too wide) in paragraph at lines 2--6
\T1/cmr/m/n/10 ich-
 []


Overfull \hbox (13.8855pt too wide) in paragraph at lines 2--6
\T1/cmr/m/n/10 net
 []


Overfull \hbox (22.77222pt too wide) in paragraph at lines 2--6
\T1/cmr/m/n/10 einen
 []


Overfull \hbox (18.35663pt too wide) in paragraph at lines 2--6
\T1/cmr/m/n/10 Ver-
 []


Overfull \hbox (22.55005pt too wide) in paragraph at lines 2--6
\T1/cmr/m/n/10 such-
 []


Overfull \hbox (20.88379pt too wide) in paragraph at lines 2--6
\T1/cmr/m/n/10 sauf-
 []


Overfull \hbox (18.88428pt too wide) in paragraph at lines 2--6
\T1/cmr/m/n/10 bau,
 []


Overfull \hbox (13.91327pt too wide) in paragraph at lines 2--6
\T1/cmr/m/n/10 der
 []


Overfull \hbox (20.27283pt too wide) in paragraph at lines 2--6
\T1/cmr/m/n/10 auch
 []


Overfull \hbox (23.88306pt too wide) in paragraph at lines 2--6
\T1/cmr/m/n/10 heute
 []


Overfull \hbox (20.55054pt too wide) in paragraph at lines 2--6
\T1/cmr/m/n/10 noch
 []


Overfull \hbox (18.35663pt too wide) in paragraph at lines 2--6
\T1/cmr/m/n/10 Ver-
 []


Overfull \hbox (20.27283pt too wide) in paragraph at lines 2--6
\T1/cmr/m/n/10 wen-
 []


Overfull \hbox (21.66138pt too wide) in paragraph at lines 2--6
\T1/cmr/m/n/10 dung
 []


Overfull \hbox (27.771pt too wide) in paragraph at lines 2--6
\T1/cmr/m/n/10 findet.
 []


Overfull \hbox (18.32886pt too wide) in paragraph at lines 2--6
\T1/cmr/m/n/10 Sein
 []


Overfull \hbox (26.66016pt too wide) in paragraph at lines 2--6
\T1/cmr/m/n/10 Mech-
 []


Overfull \hbox (8.3313pt too wide) in paragraph at lines 2--6
\T1/cmr/m/n/10 a-
 []


Overfull \hbox (15.6073pt too wide) in paragraph at lines 2--6
\T1/cmr/m/n/10 nis-
 []


Overfull \hbox (17.55127pt too wide) in paragraph at lines 2--6
\T1/cmr/m/n/10 mus
 []


Overfull \hbox (31.71448pt too wide) in paragraph at lines 2--6
\T1/cmr/m/n/10 besteht
 []


Overfull \hbox (22.79999pt too wide) in paragraph at lines 2--6
\T1/cmr/m/n/10 darin
 []


Overfull \hbox (13.33008pt too wide) in paragraph at lines 2--6
\T1/cmr/m/n/10 ko-
 []


Overfull \hbox (36.46332pt too wide) in paragraph at lines 2--6
\T1/cmr/m/n/10 härentes
 []


Overfull \hbox (22.35565pt too wide) in paragraph at lines 2--6
\T1/cmr/m/n/10 Licht
 []


Overfull \hbox (30.88135pt too wide) in paragraph at lines 2--6
\T1/cmr/m/n/10 aufzus-
 []


Overfull \hbox (16.6626pt too wide) in paragraph at lines 2--6
\T1/cmr/m/n/10 pal-
 []


Overfull \hbox (13.8855pt too wide) in paragraph at lines 2--6
\T1/cmr/m/n/10 ten
 []


Overfull \hbox (16.6626pt too wide) in paragraph at lines 2--6
\T1/cmr/m/n/10 und
 []


Overfull \hbox (20.27283pt too wide) in paragraph at lines 2--6
\T1/cmr/m/n/10 nach
 []


Overfull \hbox (30.1593pt too wide) in paragraph at lines 2--6
\T1/cmr/m/n/10 Durch-
 []


Overfull \hbox (16.38489pt too wide) in paragraph at lines 2--6
\T1/cmr/m/n/10 lauf
 []


Overfull \hbox (26.96564pt too wide) in paragraph at lines 2--6
\T1/cmr/m/n/10 zweier
 []


Overfull \hbox (16.69037pt too wide) in paragraph at lines 2--6
\T1/cmr/m/n/10 ver-
 []


Overfull \hbox (44.79462pt too wide) in paragraph at lines 2--6
\T1/cmr/m/n/10 schiedener
 []


Overfull \hbox (24.85504pt too wide) in paragraph at lines 2--6
\T1/cmr/m/n/10 Pfade
 []


Overfull \hbox (28.35419pt too wide) in paragraph at lines 2--6
\T1/cmr/m/n/10 wieder
 []


Overfull \hbox (9.99756pt too wide) in paragraph at lines 2--6
\T1/cmr/m/n/10 zu
 []


Overfull \hbox (21.13373pt too wide) in paragraph at lines 2--6
\T1/cmr/m/n/10 vere-
 []


Overfull \hbox (21.10596pt too wide) in paragraph at lines 2--6
\T1/cmr/m/n/10 inen.
 []


Overfull \hbox (23.38318pt too wide) in paragraph at lines 2--6
\T1/cmr/m/n/10 Zwis-
 []


Overfull \hbox (19.7174pt too wide) in paragraph at lines 2--6
\T1/cmr/m/n/10 chen
 []


Overfull \hbox (15.55176pt too wide) in paragraph at lines 2--6
\T1/cmr/m/n/10 den
 []


Overfull \hbox (16.38489pt too wide) in paragraph at lines 2--6
\T1/cmr/m/n/10 bei-
 []


Overfull \hbox (15.55176pt too wide) in paragraph at lines 2--6
\T1/cmr/m/n/10 den
 []


Overfull \hbox (30.40924pt too wide) in paragraph at lines 2--6
\T1/cmr/m/n/10 Pfaden
 []


Overfull \hbox (19.46747pt too wide) in paragraph at lines 2--6
\T1/cmr/m/n/10 wird
 []


Overfull \hbox (24.74396pt too wide) in paragraph at lines 2--6
\T1/cmr/m/n/10 durch
 []


Overfull \hbox (16.38489pt too wide) in paragraph at lines 2--6
\T1/cmr/m/n/10 Än-
 []


Overfull \hbox (30.02045pt too wide) in paragraph at lines 2--6
\T1/cmr/m/n/10 derung
 []


Overfull \hbox (13.94104pt too wide) in paragraph at lines 2--6
\T1/cmr/m/n/10 des
 []


Overfull \hbox (13.8855pt too wide) in paragraph at lines 2--6
\T1/cmr/m/n/10 op-
 []


Overfull \hbox (13.94104pt too wide) in paragraph at lines 2--6
\T1/cmr/m/n/10 tis-
 []


Overfull \hbox (19.7174pt too wide) in paragraph at lines 2--6
\T1/cmr/m/n/10 chen
 []


Overfull \hbox (27.27112pt too wide) in paragraph at lines 2--6
\T1/cmr/m/n/10 Weges
 []


Overfull \hbox (12.77466pt too wide) in paragraph at lines 2--6
\T1/cmr/m/n/10 ein
 []


Overfull \hbox (29.07623pt too wide) in paragraph at lines 2--6
\T1/cmr/m/n/10 Phase-
 []


Overfull \hbox (19.7174pt too wide) in paragraph at lines 2--6
\T1/cmr/m/n/10 nun-
 []


Overfull \hbox (15.57953pt too wide) in paragraph at lines 2--6
\T1/cmr/m/n/10 ter-
 []


Overfull \hbox (26.43799pt too wide) in paragraph at lines 2--6
\T1/cmr/m/n/10 schied
 []


Overfull \hbox (21.71692pt too wide) in paragraph at lines 2--6
\T1/cmr/m/n/10 zwis-
 []


Overfull \hbox (19.7174pt too wide) in paragraph at lines 2--6
\T1/cmr/m/n/10 chen
 []


Overfull \hbox (15.55176pt too wide) in paragraph at lines 2--6
\T1/cmr/m/n/10 den
 []


Overfull \hbox (13.60779pt too wide) in paragraph at lines 2--6
\T1/cmr/m/n/10 be-
 []


Overfull \hbox (11.13617pt too wide) in paragraph at lines 2--6
\T1/cmr/m/n/10 tr-
 []


Overfull \hbox (7.77588pt too wide) in paragraph at lines 2--6
\T1/cmr/m/n/10 e-
 []


Overfull \hbox (6.38733pt too wide) in paragraph at lines 2--6
\T1/cmr/m/n/10 f-
 []


Overfull \hbox (28.60413pt too wide) in paragraph at lines 2--6
\T1/cmr/m/n/10 fenden
 []


Overfull \hbox (25.68817pt too wide) in paragraph at lines 2--6
\T1/cmr/m/n/10 Licht-
 []


Overfull \hbox (35.07477pt too wide) in paragraph at lines 2--6
\T1/cmr/m/n/10 strahlen
 []


Overfull \hbox (34.4638pt too wide) in paragraph at lines 2--6
\T1/cmr/m/n/10 erzeugt.
 []


Overfull \hbox (12.6358pt too wide) in paragraph at lines 2--6
\T1/cmr/m/n/10 Da
 []


Overfull \hbox (16.44043pt too wide) in paragraph at lines 2--6
\T1/cmr/m/n/10 sich
 []


Overfull \hbox (20.27283pt too wide) in paragraph at lines 2--6
\T1/cmr/m/n/10 elek-
 []


Overfull \hbox (28.68744pt too wide) in paragraph at lines 2--6
\T1/cmr/m/n/10 trische
 []


Overfull \hbox (26.82678pt too wide) in paragraph at lines 2--6
\T1/cmr/m/n/10 Felder
 []


Overfull \hbox (8.3313pt too wide) in paragraph at lines 2--6
\T1/cmr/m/n/10 in
 []


Overfull \hbox (21.13373pt too wide) in paragraph at lines 2--6
\T1/cmr/m/n/10 einer
 []


Overfull \hbox (14.44092pt too wide) in paragraph at lines 2--6
\T1/cmr/m/n/10 Su-
 []


Overfull \hbox (17.5235pt too wide) in paragraph at lines 2--6
\T1/cmr/m/n/10 per-
 []


Overfull \hbox (14.16321pt too wide) in paragraph at lines 2--6
\T1/cmr/m/n/10 po-
 []


Overfull \hbox (10.0531pt too wide) in paragraph at lines 2--6
\T1/cmr/m/n/10 si-
 []


Overfull \hbox (17.21802pt too wide) in paragraph at lines 2--6
\T1/cmr/m/n/10 tion
 []


Overfull \hbox (13.8855pt too wide) in paragraph at lines 2--6
\T1/cmr/m/n/10 ad-
 []


Overfull \hbox (29.46503pt too wide) in paragraph at lines 2--6
\T1/cmr/m/n/10 dieren,
 []


Overfull \hbox (19.55078pt too wide) in paragraph at lines 2--6
\T1/cmr/m/n/10 lässt
 []


Overfull \hbox (12.77466pt too wide) in paragraph at lines 2--6
\T1/cmr/m/n/10 die
 []


Overfull \hbox (34.63043pt too wide) in paragraph at lines 2--6
\T1/cmr/m/n/10 Phasen-
 []


Overfull \hbox (14.71863pt too wide) in paragraph at lines 2--6
\T1/cmr/m/n/10 dif-
 []


Overfull \hbox (25.8548pt too wide) in paragraph at lines 2--6
\T1/cmr/m/n/10 ferenz
 []


Overfull \hbox (12.77466pt too wide) in paragraph at lines 2--6
\T1/cmr/m/n/10 ein
 []


Overfull \hbox (12.49695pt too wide) in paragraph at lines 2--6
\T1/cmr/m/n/10 In-
 []


Overfull \hbox (15.57953pt too wide) in paragraph at lines 2--6
\T1/cmr/m/n/10 ter-
 []


Overfull \hbox (29.18732pt too wide) in paragraph at lines 2--6
\T1/cmr/m/n/10 ferenz-
 []


Overfull \hbox (29.79828pt too wide) in paragraph at lines 2--6
\T1/cmr/m/n/10 muster
 []


Overfull \hbox (29.21509pt too wide) in paragraph at lines 2--6
\T1/cmr/m/n/10 entste-
 []


Overfull \hbox (18.32886pt too wide) in paragraph at lines 2--6
\T1/cmr/m/n/10 hen,
 []


Overfull \hbox (14.49646pt too wide) in paragraph at lines 2--6
\T1/cmr/m/n/10 das
 []


Overfull \hbox (32.49207pt too wide) in paragraph at lines 2--6
\T1/cmr/m/n/10 genutzt
 []


Overfull \hbox (18.63434pt too wide) in paragraph at lines 2--6
\T1/cmr/m/n/10 wer-
 []


Overfull \hbox (15.55176pt too wide) in paragraph at lines 2--6
\T1/cmr/m/n/10 den
 []


Overfull \hbox (23.60535pt too wide) in paragraph at lines 2--6
\T1/cmr/m/n/10 kann,
 []


Overfull \hbox (13.8855pt too wide) in paragraph at lines 2--6
\T1/cmr/m/n/10 um
 []


Overfull \hbox (20.32837pt too wide) in paragraph at lines 2--6
\T1/cmr/m/n/10 Aus-
 []


Overfull \hbox (23.9386pt too wide) in paragraph at lines 2--6
\T1/cmr/m/n/10 sagen
 []


Overfull \hbox (19.74518pt too wide) in paragraph at lines 2--6
\T1/cmr/m/n/10 über
 []


Overfull \hbox (14.49646pt too wide) in paragraph at lines 2--6
\T1/cmr/m/n/10 das
 []


Overfull \hbox (16.69037pt too wide) in paragraph at lines 2--6
\T1/cmr/m/n/10 ver-
 []


Overfull \hbox (20.27283pt too wide) in paragraph at lines 2--6
\T1/cmr/m/n/10 wen-
 []


Overfull \hbox (18.32886pt too wide) in paragraph at lines 2--6
\T1/cmr/m/n/10 dete
 []


Overfull \hbox (22.35565pt too wide) in paragraph at lines 2--6
\T1/cmr/m/n/10 Licht
 []


Overfull \hbox (19.18976pt too wide) in paragraph at lines 2--6
\T1/cmr/m/n/10 oder
 []


Overfull \hbox (12.77466pt too wide) in paragraph at lines 2--6
\T1/cmr/m/n/10 die
 []


Overfull \hbox (13.8855pt too wide) in paragraph at lines 2--6
\T1/cmr/m/n/10 op-
 []


Overfull \hbox (13.94104pt too wide) in paragraph at lines 2--6
\T1/cmr/m/n/10 tis-
 []


Overfull \hbox (19.7174pt too wide) in paragraph at lines 2--6
\T1/cmr/m/n/10 chen
 []


Overfull \hbox (23.32764pt too wide) in paragraph at lines 2--6
\T1/cmr/m/n/10 Wege
 []


Overfull \hbox (9.99756pt too wide) in paragraph at lines 2--6
\T1/cmr/m/n/10 zu
 []


Overfull \hbox (11.13617pt too wide) in paragraph at lines 2--6
\T1/cmr/m/n/10 tr-
 []


Overfull \hbox (7.77588pt too wide) in paragraph at lines 2--6
\T1/cmr/m/n/10 e-
 []


Overfull \hbox (6.38733pt too wide) in paragraph at lines 2--6
\T1/cmr/m/n/10 f-
 []


Overfull \hbox (15.82947pt too wide) in paragraph at lines 2--6
\T1/cmr/m/n/10 fen. 
 []


Overfull \hbox (4.99878pt too wide) has occurred while \output is active
 []|[]\T1/cmr/m/n/10 1[]|
 []

[1




]
Underfull \vbox (badness 10000) has occurred while \output is active []


Overfull \hbox (4.99878pt too wide) has occurred while \output is active
[]|\T1/cmr/m/sl/10 1 
 []


Overfull \hbox (49.32129pt too wide) has occurred while \output is active
\T1/cmr/m/sl/10 Einführung|  
 []


Package scrlayer-scrpage Warning: \headheight to low.
(scrlayer-scrpage)                At least 24.0pt needed,
(scrlayer-scrpage)                but only 14.5pt found.
(scrlayer-scrpage)                I'll enlarge \headheight, for further
(scrlayer-scrpage)                processing, but you should do this yourself,
(scrlayer-scrpage)                e.g., setting geometry's option
(scrlayer-scrpage)                `head=24.0pt'.
(scrlayer-scrpage)                I'll also decrease \topmargin on input line 6.


Overfull \vbox (9.5pt too high) has occurred while \output is active []


Overfull \hbox (4.99878pt too wide) has occurred while \output is active
[]|[]\T1/cmr/m/n/10 2[]|  
 []

[2]
Underfull \vbox (badness 10000) has occurred while \output is active []


Overfull \hbox (4.99878pt too wide) has occurred while \output is active
 []|[]\T1/cmr/m/n/10 3[]|
 []

[3]

LaTeX Warning: Reference `fig:aufbau' on page 4 undefined on input line 7.

<pictures/path3.pdf, id=44, 616.3025pt x 298.11375pt>
File: pictures/path3.pdf Graphic file (type pdf)
<use pictures/path3.pdf>
Package pdftex.def Info: pictures/path3.pdf  used on input line 9.
(pdftex.def)             Requested size: 431.40881pt x 208.67819pt.

Overfull \hbox (431.40881pt too wide) in paragraph at lines 9--10
 [][][] 
 []


Overfull \hbox (45.98877pt too wide) in paragraph at lines 10--10
[][][]\T1/cmr/m/n/10 Figure 1.2[][]:
 []


Overfull \hbox (20.02983pt too wide) in paragraph at lines 10--10
[]|\T1/cmr/bx/n/10 We-
 []


Overfull \hbox (22.35565pt too wide) in paragraph at lines 10--10
\T1/cmr/bx/n/10 gun-
 []


Overfull \hbox (18.30803pt too wide) in paragraph at lines 10--10
\T1/cmr/bx/n/10 ter-
 []


Overfull \hbox (30.56337pt too wide) in paragraph at lines 10--10
\T1/cmr/bx/n/10 schied
 []


Overfull \hbox (24.97446pt too wide) in paragraph at lines 10--10
\T1/cmr/bx/n/10 zwis-
 []


Overfull \hbox (22.8347pt too wide) in paragraph at lines 10--10
\T1/cmr/bx/n/10 chen
 []


Overfull \hbox (18.0442pt too wide) in paragraph at lines 10--10
\T1/cmr/bx/n/10 den
 []


Overfull \hbox (19.0023pt too wide) in paragraph at lines 10--10
\T1/cmr/bx/n/10 bei-
 []


Overfull \hbox (18.0442pt too wide) in paragraph at lines 10--10
\T1/cmr/bx/n/10 den
 []


Overfull \hbox (45.61386pt too wide) in paragraph at lines 10--10
\T1/cmr/bx/n/10 Strahlen.
 []


Overfull \hbox (14.85748pt too wide) in paragraph at lines 10--10
\T1/cmr/m/n/10 Die
 []


Overfull \hbox (29.18732pt too wide) in paragraph at lines 10--10
\T1/cmr/m/n/10 oberen
 []


Overfull \hbox (16.38489pt too wide) in paragraph at lines 10--10
\T1/cmr/m/n/10 bei-
 []


Overfull \hbox (15.55176pt too wide) in paragraph at lines 10--10
\T1/cmr/m/n/10 den
 []


Overfull \hbox (17.80121pt too wide) in paragraph at lines 10--10
\T1/cmr/m/n/10 hor-
 []


Overfull \hbox (6.10962pt too wide) in paragraph at lines 10--10
\T1/cmr/m/n/10 i-
 []


Overfull \hbox (18.32886pt too wide) in paragraph at lines 10--10
\T1/cmr/m/n/10 zon-
 []


Overfull \hbox (21.66138pt too wide) in paragraph at lines 10--10
\T1/cmr/m/n/10 talen
 []


Overfull \hbox (17.9123pt too wide) in paragraph at lines 10--10
\T1/cmr/m/n/10 Lin-
 []


Overfull \hbox (12.77466pt too wide) in paragraph at lines 10--10
\T1/cmr/m/n/10 ien
 []


Overfull \hbox (27.82654pt too wide) in paragraph at lines 10--10
\T1/cmr/m/n/10 stellen
 []


Overfull \hbox (12.77466pt too wide) in paragraph at lines 10--10
\T1/cmr/m/n/10 die
 []


Overfull \hbox (30.5481pt too wide) in paragraph at lines 10--10
\T1/cmr/m/n/10 Spiegel
 []


Overfull \hbox (17.24579pt too wide) in paragraph at lines 10--10
\T1/cmr/m/n/10 dar.
 []


Overfull \hbox (23.24432pt too wide) in paragraph at lines 10--10
\T1/cmr/m/n/10 Diese
 []


Overfull \hbox (17.82898pt too wide) in paragraph at lines 10--10
\T1/cmr/m/n/10 sind
 []


Overfull \hbox (8.94226pt too wide) in paragraph at lines 10--10
\T1/cmr/m/n/10 so
 []


Overfull \hbox (51.09863pt too wide) in paragraph at lines 10--10
\T1/cmr/m/n/10 gegeneinan-
 []


Overfull \hbox (13.91327pt too wide) in paragraph at lines 10--10
\T1/cmr/m/n/10 der
 []


Overfull \hbox (16.69037pt too wide) in paragraph at lines 10--10
\T1/cmr/m/n/10 ver-
 []


Overfull \hbox (37.26868pt too wide) in paragraph at lines 10--10
\T1/cmr/m/n/10 schoben,
 []


Overfull \hbox (18.43994pt too wide) in paragraph at lines 10--10
\T1/cmr/m/n/10 dass
 []


Overfull \hbox (16.44043pt too wide) in paragraph at lines 10--10
\T1/cmr/m/n/10 sich
 []


Overfull \hbox (13.91327pt too wide) in paragraph at lines 10--10
\T1/cmr/m/n/10 der
 []


Overfull \hbox (26.24359pt too wide) in paragraph at lines 10--10
\T1/cmr/m/n/10 Länge
 []


Overfull \hbox (13.94104pt too wide) in paragraph at lines 10--10
\T1/cmr/m/n/10 des
 []


Overfull \hbox (27.27112pt too wide) in paragraph at lines 10--10
\T1/cmr/m/n/10 Weges
 []


Overfull \hbox (21.71692pt too wide) in paragraph at lines 10--10
\T1/cmr/m/n/10 zwis-
 []


Overfull \hbox (19.7174pt too wide) in paragraph at lines 10--10
\T1/cmr/m/n/10 chen
 []


Overfull \hbox (16.38489pt too wide) in paragraph at lines 10--10
\T1/cmr/m/n/10 bei-
 []


Overfull \hbox (15.55176pt too wide) in paragraph at lines 10--10
\T1/cmr/m/n/10 den
 []


Overfull \hbox (30.40924pt too wide) in paragraph at lines 10--10
\T1/cmr/m/n/10 Pfaden
 []


Overfull \hbox (12.52472pt too wide) in paragraph at lines 10--10
\T1/cmr/m/n/10 für
 []


Overfull \hbox (17.80121pt too wide) in paragraph at lines 10--10
\T1/cmr/m/n/10 hor-
 []


Overfull \hbox (6.10962pt too wide) in paragraph at lines 10--10
\T1/cmr/m/n/10 i-
 []


Overfull \hbox (18.32886pt too wide) in paragraph at lines 10--10
\T1/cmr/m/n/10 zon-
 []


Overfull \hbox (16.10718pt too wide) in paragraph at lines 10--10
\T1/cmr/m/n/10 tale
 []


Overfull \hbox (36.68549pt too wide) in paragraph at lines 10--10
\T1/cmr/m/n/10 Strahlen
 []


Overfull \hbox (13.8855pt too wide) in paragraph at lines 10--10
\T1/cmr/m/n/10 um
 []


Overfull \hbox (12.77466pt too wide) in paragraph at lines 10--10
\T1/cmr/m/n/10 die
 []


Overfull \hbox (17.69012pt too wide) in paragraph at lines 10--10
\T1/cmr/m/n/10 Dis-
 []


Overfull \hbox (18.88428pt too wide) in paragraph at lines 10--10
\T1/cmr/m/n/10 tanz
 []


Overfull \hbox (7.7778pt too wide) in paragraph at lines 10--10
\OT1/cmr/m/n/10 2 \OMS/cmsy/m/n/10 ^^A
 []


Overfull \hbox (5.20486pt too wide) in paragraph at lines 10--10
\OML/cmm/m/it/10 d$
 []


Overfull \hbox (14.44092pt too wide) in paragraph at lines 10--10
\T1/cmr/m/n/10 un-
 []


Overfull \hbox (15.57953pt too wide) in paragraph at lines 10--10
\T1/cmr/m/n/10 ter-
 []


Overfull \hbox (24.21631pt too wide) in paragraph at lines 10--10
\T1/cmr/m/n/10 schei-
 []


Overfull \hbox (16.6626pt too wide) in paragraph at lines 10--10
\T1/cmr/m/n/10 det.
 []


Overfull \hbox (15.9961pt too wide) in paragraph at lines 10--10
\T1/cmr/m/n/10 Der
 []


Overfull \hbox (30.8258pt too wide) in paragraph at lines 10--10
\T1/cmr/m/n/10 Winkel
 []


Overfull \hbox (6.43404pt too wide) in paragraph at lines 10--10
\OML/cmm/m/it/10 $
 []


Overfull \hbox (17.21802pt too wide) in paragraph at lines 10--10
\T1/cmr/m/n/10 gibt
 []


Overfull \hbox (12.77466pt too wide) in paragraph at lines 10--10
\T1/cmr/m/n/10 die
 []


Overfull \hbox (16.38489pt too wide) in paragraph at lines 10--10
\T1/cmr/m/n/10 Ab-
 []


Overfull \hbox (14.71863pt too wide) in paragraph at lines 10--10
\T1/cmr/m/n/10 we-
 []


Overfull \hbox (28.32642pt too wide) in paragraph at lines 10--10
\T1/cmr/m/n/10 ichung
 []


Overfull \hbox (13.94104pt too wide) in paragraph at lines 10--10
\T1/cmr/m/n/10 des
 []


Overfull \hbox (32.76978pt too wide) in paragraph at lines 10--10
\T1/cmr/m/n/10 Wellen-
 []


Overfull \hbox (18.05115pt too wide) in paragraph at lines 10--10
\T1/cmr/m/n/10 vek-
 []


Overfull \hbox (16.74591pt too wide) in paragraph at lines 10--10
\T1/cmr/m/n/10 tors
 []


Overfull \hbox (15.55176pt too wide) in paragraph at lines 10--10
\T1/cmr/m/n/10 von
 []


Overfull \hbox (21.13373pt too wide) in paragraph at lines 10--10
\T1/cmr/m/n/10 einer
 []


Overfull \hbox (17.80121pt too wide) in paragraph at lines 10--10
\T1/cmr/m/n/10 hor-
 []


Overfull \hbox (6.10962pt too wide) in paragraph at lines 10--10
\T1/cmr/m/n/10 i-
 []


Overfull \hbox (18.32886pt too wide) in paragraph at lines 10--10
\T1/cmr/m/n/10 zon-
 []


Overfull \hbox (21.66138pt too wide) in paragraph at lines 10--10
\T1/cmr/m/n/10 talen
 []


Overfull \hbox (23.18878pt too wide) in paragraph at lines 10--10
\T1/cmr/m/n/10 Rich-
 []


Overfull \hbox (19.99512pt too wide) in paragraph at lines 10--10
\T1/cmr/m/n/10 tung
 []


Overfull \hbox (13.33008pt too wide) in paragraph at lines 10--10
\T1/cmr/m/n/10 an.| 
 []


Overfull \hbox (19.16199pt too wide) in paragraph at lines 7--11
[]\T1/cmr/m/n/10 In
 []


Overfull \hbox (29.60423pt too wide) in paragraph at lines 7--11
\T1/cmr/m/n/10 Fig.[]
 []


Overfull \hbox (19.46747pt too wide) in paragraph at lines 7--11
\T1/cmr/m/n/10 wird
 []


Overfull \hbox (12.77466pt too wide) in paragraph at lines 7--11
\T1/cmr/m/n/10 ein
 []


Overfull \hbox (34.76929pt too wide) in paragraph at lines 7--11
\T1/cmr/m/n/10 schema-
 []


Overfull \hbox (13.94104pt too wide) in paragraph at lines 7--11
\T1/cmr/m/n/10 tis-
 []


Overfull \hbox (18.07892pt too wide) in paragraph at lines 7--11
\T1/cmr/m/n/10 cher
 []


Overfull \hbox (19.4397pt too wide) in paragraph at lines 7--11
\T1/cmr/m/n/10 Auf-
 []


Overfull \hbox (16.10718pt too wide) in paragraph at lines 7--11
\T1/cmr/m/n/10 bau
 []


Overfull \hbox (21.1615pt too wide) in paragraph at lines 7--11
\T1/cmr/m/n/10 eines
 []


Overfull \hbox (32.21436pt too wide) in paragraph at lines 7--11
\T1/cmr/m/n/10 Michel-
 []


Overfull \hbox (14.49646pt too wide) in paragraph at lines 7--11
\T1/cmr/m/n/10 son
 []


Overfull \hbox (12.49695pt too wide) in paragraph at lines 7--11
\T1/cmr/m/n/10 In-
 []


Overfull \hbox (15.57953pt too wide) in paragraph at lines 7--11
\T1/cmr/m/n/10 ter-
 []


Overfull \hbox (14.7464pt too wide) in paragraph at lines 7--11
\T1/cmr/m/n/10 fer-
 []


Overfull \hbox (16.6626pt too wide) in paragraph at lines 7--11
\T1/cmr/m/n/10 om-
 []


Overfull \hbox (7.77588pt too wide) in paragraph at lines 7--11
\T1/cmr/m/n/10 e-
 []


Overfull \hbox (16.19049pt too wide) in paragraph at lines 7--11
\T1/cmr/m/n/10 ters
 []


Overfull \hbox (32.76978pt too wide) in paragraph at lines 7--11
\T1/cmr/m/n/10 gezeigt.
 []


Overfull \hbox (15.1352pt too wide) in paragraph at lines 7--11
\T1/cmr/m/n/10 Ein
 []


Overfull \hbox (23.5498pt too wide) in paragraph at lines 7--11
\T1/cmr/m/n/10 Laser
 []


Overfull \hbox (21.71692pt too wide) in paragraph at lines 7--11
\T1/cmr/m/n/10 stellt
 []


Overfull \hbox (22.77222pt too wide) in paragraph at lines 7--11
\T1/cmr/m/n/10 einen
 []


Overfull \hbox (13.33008pt too wide) in paragraph at lines 7--11
\T1/cmr/m/n/10 ko-
 []


Overfull \hbox (38.07404pt too wide) in paragraph at lines 7--11
\T1/cmr/m/n/10 härenten
 []


Overfull \hbox (25.68817pt too wide) in paragraph at lines 7--11
\T1/cmr/m/n/10 Licht-
 []


Overfull \hbox (25.07721pt too wide) in paragraph at lines 7--11
\T1/cmr/m/n/10 strahl
 []


Overfull \hbox (13.91327pt too wide) in paragraph at lines 7--11
\T1/cmr/m/n/10 zur
 []


Overfull \hbox (18.35663pt too wide) in paragraph at lines 7--11
\T1/cmr/m/n/10 Ver-
 []


Overfull \hbox (11.94153pt too wide) in paragraph at lines 7--11
\T1/cmr/m/n/10 fü-
 []


Overfull \hbox (23.88306pt too wide) in paragraph at lines 7--11
\T1/cmr/m/n/10 gung.
 []


Overfull \hbox (27.16003pt too wide) in paragraph at lines 7--11
\T1/cmr/m/n/10 Dieser
 []


Overfull \hbox (19.46747pt too wide) in paragraph at lines 7--11
\T1/cmr/m/n/10 wird
 []


Overfull \hbox (10.55298pt too wide) in paragraph at lines 7--11
\T1/cmr/m/n/10 an
 []


Overfull \hbox (25.54932pt too wide) in paragraph at lines 7--11
\T1/cmr/m/n/10 einem
 []


Overfull \hbox (48.9325pt too wide) in paragraph at lines 7--11
\T1/cmr/m/n/10 Strahlteiler
 []


Overfull \hbox (9.99756pt too wide) in paragraph at lines 7--11
\T1/cmr/m/n/10 zu
 []


Overfull \hbox (15.55176pt too wide) in paragraph at lines 7--11
\T1/cmr/m/n/10 gle-
 []


Overfull \hbox (22.4945pt too wide) in paragraph at lines 7--11
\T1/cmr/m/n/10 ichen
 []


Overfull \hbox (26.38245pt too wide) in paragraph at lines 7--11
\T1/cmr/m/n/10 Teilen
 []


Overfull \hbox (13.60779pt too wide) in paragraph at lines 7--11
\T1/cmr/m/n/10 auf
 []


Overfull \hbox (18.60657pt too wide) in paragraph at lines 7--11
\T1/cmr/m/n/10 zwei
 []


Overfull \hbox (14.44092pt too wide) in paragraph at lines 7--11
\T1/cmr/m/n/10 un-
 []


Overfull \hbox (15.57953pt too wide) in paragraph at lines 7--11
\T1/cmr/m/n/10 ter-
 []


Overfull \hbox (46.1554pt too wide) in paragraph at lines 7--11
\T1/cmr/m/n/10 schiedliche
 []


Overfull \hbox (23.32764pt too wide) in paragraph at lines 7--11
\T1/cmr/m/n/10 Wege
 []


Overfull \hbox (41.98975pt too wide) in paragraph at lines 7--11
\T1/cmr/m/n/10 geschickt.
 []


Overfull \hbox (15.9961pt too wide) in paragraph at lines 7--11
\T1/cmr/m/n/10 Der
 []


Overfull \hbox (13.8855pt too wide) in paragraph at lines 7--11
\T1/cmr/m/n/10 op-
 []


Overfull \hbox (13.94104pt too wide) in paragraph at lines 7--11
\T1/cmr/m/n/10 tis-
 []


Overfull \hbox (14.16321pt too wide) in paragraph at lines 7--11
\T1/cmr/m/n/10 che
 []


Overfull \hbox (17.21802pt too wide) in paragraph at lines 7--11
\T1/cmr/m/n/10 We-
 []


Overfull \hbox (19.4397pt too wide) in paragraph at lines 7--11
\T1/cmr/m/n/10 gun-
 []


Overfull \hbox (15.57953pt too wide) in paragraph at lines 7--11
\T1/cmr/m/n/10 ter-
 []


Overfull \hbox (26.43799pt too wide) in paragraph at lines 7--11
\T1/cmr/m/n/10 schied
 []


Overfull \hbox (21.71692pt too wide) in paragraph at lines 7--11
\T1/cmr/m/n/10 zwis-
 []


Overfull \hbox (19.7174pt too wide) in paragraph at lines 7--11
\T1/cmr/m/n/10 chen
 []


Overfull \hbox (15.55176pt too wide) in paragraph at lines 7--11
\T1/cmr/m/n/10 den
 []


Overfull \hbox (30.40924pt too wide) in paragraph at lines 7--11
\T1/cmr/m/n/10 Pfaden
 []


Overfull \hbox (20.82825pt too wide) in paragraph at lines 7--11
\T1/cmr/m/n/10 kann
 []


Overfull \hbox (19.74518pt too wide) in paragraph at lines 7--11
\T1/cmr/m/n/10 über
 []


Overfull \hbox (15.55176pt too wide) in paragraph at lines 7--11
\T1/cmr/m/n/10 den
 []


Overfull \hbox (16.38489pt too wide) in paragraph at lines 7--11
\T1/cmr/m/n/10 Ab-
 []


Overfull \hbox (23.9386pt too wide) in paragraph at lines 7--11
\T1/cmr/m/n/10 stand
 []


Overfull \hbox (13.91327pt too wide) in paragraph at lines 7--11
\T1/cmr/m/n/10 der
 []


Overfull \hbox (16.38489pt too wide) in paragraph at lines 7--11
\T1/cmr/m/n/10 bei-
 []


Overfull \hbox (15.55176pt too wide) in paragraph at lines 7--11
\T1/cmr/m/n/10 den
 []


Overfull \hbox (30.5481pt too wide) in paragraph at lines 7--11
\T1/cmr/m/n/10 Spiegel
 []


Overfull \hbox (16.71814pt too wide) in paragraph at lines 7--11
\T1/cmr/m/n/10 ges-
 []


Overfull \hbox (26.1325pt too wide) in paragraph at lines 7--11
\T1/cmr/m/n/10 teuert
 []


Overfull \hbox (18.63434pt too wide) in paragraph at lines 7--11
\T1/cmr/m/n/10 wer-
 []


Overfull \hbox (18.32886pt too wide) in paragraph at lines 7--11
\T1/cmr/m/n/10 den,
 []


Overfull \hbox (28.32642pt too wide) in paragraph at lines 7--11
\T1/cmr/m/n/10 welche
 []


Overfull \hbox (14.49646pt too wide) in paragraph at lines 7--11
\T1/cmr/m/n/10 das
 []


Overfull \hbox (22.35565pt too wide) in paragraph at lines 7--11
\T1/cmr/m/n/10 Licht
 []


Overfull \hbox (28.35419pt too wide) in paragraph at lines 7--11
\T1/cmr/m/n/10 wieder
 []


Overfull \hbox (28.9096pt too wide) in paragraph at lines 7--11
\T1/cmr/m/n/10 zurück
 []


Overfull \hbox (38.37952pt too wide) in paragraph at lines 7--11
\T1/cmr/m/n/10 schicken.
 []


Overfull \hbox (29.74274pt too wide) in paragraph at lines 7--11
\T1/cmr/m/n/10 Auÿer-
 []


Overfull \hbox (18.32886pt too wide) in paragraph at lines 7--11
\T1/cmr/m/n/10 dem
 []


Overfull \hbox (20.82825pt too wide) in paragraph at lines 7--11
\T1/cmr/m/n/10 kann
 []


Overfull \hbox (12.77466pt too wide) in paragraph at lines 7--11
\T1/cmr/m/n/10 ein
 []


Overfull \hbox (35.82458pt too wide) in paragraph at lines 7--11
\T1/cmr/m/n/10 Medium
 []


Overfull \hbox (8.3313pt too wide) in paragraph at lines 7--11
\T1/cmr/m/n/10 in
 []


Overfull \hbox (22.77222pt too wide) in paragraph at lines 7--11
\T1/cmr/m/n/10 einen
 []


Overfull \hbox (13.91327pt too wide) in paragraph at lines 7--11
\T1/cmr/m/n/10 der
 []


Overfull \hbox (36.68549pt too wide) in paragraph at lines 7--11
\T1/cmr/m/n/10 Strahlen
 []


Overfull \hbox (25.54932pt too wide) in paragraph at lines 7--11
\T1/cmr/m/n/10 einge-
 []


Overfull \hbox (21.96686pt too wide) in paragraph at lines 7--11
\T1/cmr/m/n/10 führt
 []


Overfull \hbox (18.63434pt too wide) in paragraph at lines 7--11
\T1/cmr/m/n/10 wer-
 []


Overfull \hbox (18.32886pt too wide) in paragraph at lines 7--11
\T1/cmr/m/n/10 den,
 []


Overfull \hbox (13.91327pt too wide) in paragraph at lines 7--11
\T1/cmr/m/n/10 der
 []


Overfull \hbox (15.55176pt too wide) in paragraph at lines 7--11
\T1/cmr/m/n/10 den
 []


Overfull \hbox (13.8855pt too wide) in paragraph at lines 7--11
\T1/cmr/m/n/10 op-
 []


Overfull \hbox (13.94104pt too wide) in paragraph at lines 7--11
\T1/cmr/m/n/10 tis-
 []


Overfull \hbox (19.7174pt too wide) in paragraph at lines 7--11
\T1/cmr/m/n/10 chen
 []


Overfull \hbox (18.88428pt too wide) in paragraph at lines 7--11
\T1/cmr/m/n/10 Weg
 []


Overfull \hbox (26.16028pt too wide) in paragraph at lines 7--11
\T1/cmr/m/n/10 zusät-
 []


Overfull \hbox (19.7174pt too wide) in paragraph at lines 7--11
\T1/cmr/m/n/10 zlich
 []


Overfull \hbox (27.24335pt too wide) in paragraph at lines 7--11
\T1/cmr/m/n/10 verän-
 []


Overfull \hbox (20.57831pt too wide) in paragraph at lines 7--11
\T1/cmr/m/n/10 dert.
 []


Overfull \hbox (22.2168pt too wide) in paragraph at lines 7--11
\T1/cmr/m/n/10 Nach
 []


Overfull \hbox (13.91327pt too wide) in paragraph at lines 7--11
\T1/cmr/m/n/10 der
 []


Overfull \hbox (46.65527pt too wide) in paragraph at lines 7--11
\T1/cmr/m/n/10 Spiegelung
 []


Overfull \hbox (13.91327pt too wide) in paragraph at lines 7--11
\T1/cmr/m/n/10 der
 []


Overfull \hbox (36.68549pt too wide) in paragraph at lines 7--11
\T1/cmr/m/n/10 Strahlen
 []


Overfull \hbox (26.38245pt too wide) in paragraph at lines 7--11
\T1/cmr/m/n/10 laufen
 []


Overfull \hbox (21.1615pt too wide) in paragraph at lines 7--11
\T1/cmr/m/n/10 diese
 []


Overfull \hbox (11.1084pt too wide) in paragraph at lines 7--11
\T1/cmr/m/n/10 im
 []


Overfull \hbox (48.9325pt too wide) in paragraph at lines 7--11
\T1/cmr/m/n/10 Strahlteiler
 []


Overfull \hbox (28.35419pt too wide) in paragraph at lines 7--11
\T1/cmr/m/n/10 wieder
 []


Overfull \hbox (30.60364pt too wide) in paragraph at lines 7--11
\T1/cmr/m/n/10 zusam-
 []


Overfull \hbox (18.32886pt too wide) in paragraph at lines 7--11
\T1/cmr/m/n/10 men
 []


Overfull \hbox (16.6626pt too wide) in paragraph at lines 7--11
\T1/cmr/m/n/10 und
 []


Overfull \hbox (18.63434pt too wide) in paragraph at lines 7--11
\T1/cmr/m/n/10 wer-
 []


Overfull \hbox (15.55176pt too wide) in paragraph at lines 7--11
\T1/cmr/m/n/10 den
 []


Overfull \hbox (21.13373pt too wide) in paragraph at lines 7--11
\T1/cmr/m/n/10 vere-
 []


Overfull \hbox (11.94153pt too wide) in paragraph at lines 7--11
\T1/cmr/m/n/10 int
 []


Overfull \hbox (13.60779pt too wide) in paragraph at lines 7--11
\T1/cmr/m/n/10 auf
 []


Overfull \hbox (12.77466pt too wide) in paragraph at lines 7--11
\T1/cmr/m/n/10 ein
 []


Overfull \hbox (35.63019pt too wide) in paragraph at lines 7--11
\T1/cmr/m/n/10 Auswer-
 []


Overfull \hbox (31.71448pt too wide) in paragraph at lines 7--11
\T1/cmr/m/n/10 tungse-
 []


Overfull \hbox (10.55298pt too wide) in paragraph at lines 7--11
\T1/cmr/m/n/10 le-
 []


Overfull \hbox (21.93909pt too wide) in paragraph at lines 7--11
\T1/cmr/m/n/10 ment
 []


Overfull \hbox (41.98975pt too wide) in paragraph at lines 7--11
\T1/cmr/m/n/10 geschickt.
 []


Overfull \hbox (9.16443pt too wide) in paragraph at lines 7--11
\T1/cmr/m/n/10 In
 []


Overfull \hbox (14.44092pt too wide) in paragraph at lines 7--11
\T1/cmr/m/n/10 un-
 []


Overfull \hbox (25.07721pt too wide) in paragraph at lines 7--11
\T1/cmr/m/n/10 serem
 []


Overfull \hbox (16.24603pt too wide) in paragraph at lines 7--11
\T1/cmr/m/n/10 Fall
 []


Overfull \hbox (10.60852pt too wide) in paragraph at lines 7--11
\T1/cmr/m/n/10 ist
 []


Overfull \hbox (16.71814pt too wide) in paragraph at lines 7--11
\T1/cmr/m/n/10 dies
 []


Overfull \hbox (12.77466pt too wide) in paragraph at lines 7--11
\T1/cmr/m/n/10 ein
 []


Overfull \hbox (30.29816pt too wide) in paragraph at lines 7--11
\T1/cmr/m/n/10 Schirm
 []


Overfull \hbox (19.18976pt too wide) in paragraph at lines 7--11
\T1/cmr/m/n/10 oder
 []


Overfull \hbox (17.21802pt too wide) in paragraph at lines 7--11
\T1/cmr/m/n/10 eine
 []


Overfull \hbox (20.68939pt too wide) in paragraph at lines 7--11
\T1/cmr/m/n/10 Pho-
 []


Overfull \hbox (12.21924pt too wide) in paragraph at lines 7--11
\T1/cmr/m/n/10 to-
 []


Overfull \hbox (11.66382pt too wide) in paragraph at lines 7--11
\T1/cmr/m/n/10 di-
 []


Overfull \hbox (18.05115pt too wide) in paragraph at lines 7--11
\T1/cmr/m/n/10 ode.
 []


Overfull \hbox (34.01947pt too wide) in paragraph at lines 7--11
\T1/cmr/m/n/10 Flächen
 []


Overfull \hbox (14.99634pt too wide) in paragraph at lines 7--11
\T1/cmr/m/n/10 mit
 []


Overfull \hbox (15.55176pt too wide) in paragraph at lines 7--11
\T1/cmr/m/n/10 gle-
 []


Overfull \hbox (20.85602pt too wide) in paragraph at lines 7--11
\T1/cmr/m/n/10 icher
 []


Overfull \hbox (13.8855pt too wide) in paragraph at lines 7--11
\T1/cmr/m/n/10 op-
 []


Overfull \hbox (13.94104pt too wide) in paragraph at lines 7--11
\T1/cmr/m/n/10 tis-
 []


Overfull \hbox (19.7174pt too wide) in paragraph at lines 7--11
\T1/cmr/m/n/10 chen
 []


Overfull \hbox (33.6029pt too wide) in paragraph at lines 7--11
\T1/cmr/m/n/10 Wegdif-
 []


Overfull \hbox (25.8548pt too wide) in paragraph at lines 7--11
\T1/cmr/m/n/10 ferenz
 []


Overfull \hbox (13.60779pt too wide) in paragraph at lines 7--11
\T1/cmr/m/n/10 be-
 []


Overfull \hbox (25.04944pt too wide) in paragraph at lines 7--11
\T1/cmr/m/n/10 sitzen
 []


Overfull \hbox (12.77466pt too wide) in paragraph at lines 7--11
\T1/cmr/m/n/10 die
 []


Overfull \hbox (15.55176pt too wide) in paragraph at lines 7--11
\T1/cmr/m/n/10 gle-
 []


Overfull \hbox (16.9403pt too wide) in paragraph at lines 7--11
\T1/cmr/m/n/10 iche
 []


Overfull \hbox (31.24237pt too wide) in paragraph at lines 7--11
\T1/cmr/m/n/10 Fläche.
 []


Overfull \hbox (11.94153pt too wide) in paragraph at lines 7--11
\T1/cmr/m/n/10 Im
 []


Overfull \hbox (16.24603pt too wide) in paragraph at lines 7--11
\T1/cmr/m/n/10 Fall
 []


Overfull \hbox (15.55176pt too wide) in paragraph at lines 7--11
\T1/cmr/m/n/10 von
 []


Overfull \hbox (17.80121pt too wide) in paragraph at lines 7--11
\T1/cmr/m/n/10 par-
 []


Overfull \hbox (11.1084pt too wide) in paragraph at lines 7--11
\T1/cmr/m/n/10 al-
 []


Overfull \hbox (22.77222pt too wide) in paragraph at lines 7--11
\T1/cmr/m/n/10 lelem
 []


Overfull \hbox (25.13275pt too wide) in paragraph at lines 7--11
\T1/cmr/m/n/10 Licht,
 []


Overfull \hbox (19.99512pt too wide) in paragraph at lines 7--11
\T1/cmr/m/n/10 bzw.
 []


Overfull \hbox (18.05115pt too wide) in paragraph at lines 7--11
\T1/cmr/m/n/10 ebe-
 []


Overfull \hbox (15.55176pt too wide) in paragraph at lines 7--11
\T1/cmr/m/n/10 nen
 []


Overfull \hbox (32.21436pt too wide) in paragraph at lines 7--11
\T1/cmr/m/n/10 Wellen,
 []


Overfull \hbox (17.82898pt too wide) in paragraph at lines 7--11
\T1/cmr/m/n/10 sind
 []


Overfull \hbox (16.71814pt too wide) in paragraph at lines 7--11
\T1/cmr/m/n/10 dies
 []


Overfull \hbox (20.41168pt too wide) in paragraph at lines 7--11
\T1/cmr/m/n/10 Ebe-
 []


Overfull \hbox (18.32886pt too wide) in paragraph at lines 7--11
\T1/cmr/m/n/10 nen,
 []


Overfull \hbox (36.9632pt too wide) in paragraph at lines 7--11
\T1/cmr/m/n/10 während
 []


Overfull \hbox (8.38684pt too wide) in paragraph at lines 7--11
\T1/cmr/m/n/10 es
 []


Overfull \hbox (12.52472pt too wide) in paragraph at lines 7--11
\T1/cmr/m/n/10 für
 []


Overfull \hbox (28.88184pt too wide) in paragraph at lines 7--11
\T1/cmr/m/n/10 Kugel-
 []


Overfull \hbox (26.93787pt too wide) in paragraph at lines 7--11
\T1/cmr/m/n/10 wellen
 []


Overfull \hbox (56.73615pt too wide) in paragraph at lines 7--11
\T1/cmr/m/n/10 entsprechend
 []


Overfull \hbox (55.8197pt too wide) in paragraph at lines 7--11
\T1/cmr/m/n/10 Kugelflächen
 []


Overfull \hbox (20.60608pt too wide) in paragraph at lines 7--11
\T1/cmr/m/n/10 sind.
 []


Overfull \hbox (16.80145pt too wide) in paragraph at lines 7--11
\T1/cmr/m/n/10 Fol-
 []


Overfull \hbox (20.27283pt too wide) in paragraph at lines 7--11
\T1/cmr/m/n/10 glich
 []


Overfull \hbox (24.9939pt too wide) in paragraph at lines 7--11
\T1/cmr/m/n/10 bildet
 []


Overfull \hbox (14.49646pt too wide) in paragraph at lines 7--11
\T1/cmr/m/n/10 das
 []


Overfull \hbox (12.49695pt too wide) in paragraph at lines 7--11
\T1/cmr/m/n/10 In-
 []


Overfull \hbox (15.57953pt too wide) in paragraph at lines 7--11
\T1/cmr/m/n/10 ter-
 []


Overfull \hbox (29.18732pt too wide) in paragraph at lines 7--11
\T1/cmr/m/n/10 ferenz-
 []


Overfull \hbox (29.79828pt too wide) in paragraph at lines 7--11
\T1/cmr/m/n/10 muster
 []


Overfull \hbox (13.60779pt too wide) in paragraph at lines 7--11
\T1/cmr/m/n/10 auf
 []


Overfull \hbox (18.32886pt too wide) in paragraph at lines 7--11
\T1/cmr/m/n/10 dem
 []


Overfull \hbox (30.29816pt too wide) in paragraph at lines 7--11
\T1/cmr/m/n/10 Schirm
 []


Overfull \hbox (12.52472pt too wide) in paragraph at lines 7--11
\T1/cmr/m/n/10 für
 []


Overfull \hbox (17.80121pt too wide) in paragraph at lines 7--11
\T1/cmr/m/n/10 par-
 []


Overfull \hbox (11.1084pt too wide) in paragraph at lines 7--11
\T1/cmr/m/n/10 al-
 []


Overfull \hbox (10.55298pt too wide) in paragraph at lines 7--11
\T1/cmr/m/n/10 le-
 []


Overfull \hbox (11.16394pt too wide) in paragraph at lines 7--11
\T1/cmr/m/n/10 les
 []


Overfull \hbox (22.35565pt too wide) in paragraph at lines 7--11
\T1/cmr/m/n/10 Licht
 []


Overfull \hbox (17.9123pt too wide) in paragraph at lines 7--11
\T1/cmr/m/n/10 Lin-
 []


Overfull \hbox (12.77466pt too wide) in paragraph at lines 7--11
\T1/cmr/m/n/10 ien
 []


Overfull \hbox (16.6626pt too wide) in paragraph at lines 7--11
\T1/cmr/m/n/10 und
 []


Overfull \hbox (12.52472pt too wide) in paragraph at lines 7--11
\T1/cmr/m/n/10 für
 []


Overfull \hbox (28.88184pt too wide) in paragraph at lines 7--11
\T1/cmr/m/n/10 Kugel-
 []


Overfull \hbox (26.93787pt too wide) in paragraph at lines 7--11
\T1/cmr/m/n/10 wellen
 []


Overfull \hbox (30.07599pt too wide) in paragraph at lines 7--11
\T1/cmr/m/n/10 Kreise.
 []


Overfull \hbox (16.57928pt too wide) in paragraph at lines 7--11
\T1/cmr/m/n/10 Das
 []


Overfull \hbox (18.46771pt too wide) in paragraph at lines 7--11
\T1/cmr/m/n/10 Ein-
 []


Overfull \hbox (28.07648pt too wide) in paragraph at lines 7--11
\T1/cmr/m/n/10 führen
 []


Overfull \hbox (15.55176pt too wide) in paragraph at lines 7--11
\T1/cmr/m/n/10 von
 []


Overfull \hbox (37.76855pt too wide) in paragraph at lines 7--11
\T1/cmr/m/n/10 Sammel-
 []


Overfull \hbox (16.6626pt too wide) in paragraph at lines 7--11
\T1/cmr/m/n/10 und
 []


Overfull \hbox (37.79633pt too wide) in paragraph at lines 7--11
\T1/cmr/m/n/10 Streulin-
 []


Overfull \hbox (13.94104pt too wide) in paragraph at lines 7--11
\T1/cmr/m/n/10 sen
 []


Overfull \hbox (8.3313pt too wide) in paragraph at lines 7--11
\T1/cmr/m/n/10 in
 []


Overfull \hbox (15.55176pt too wide) in paragraph at lines 7--11
\T1/cmr/m/n/10 den
 []


Overfull \hbox (26.88232pt too wide) in paragraph at lines 7--11
\T1/cmr/m/n/10 Laser-
 []


Overfull \hbox (25.07721pt too wide) in paragraph at lines 7--11
\T1/cmr/m/n/10 strahl
 []


Overfull \hbox (20.82825pt too wide) in paragraph at lines 7--11
\T1/cmr/m/n/10 kann
 []


Overfull \hbox (17.80121pt too wide) in paragraph at lines 7--11
\T1/cmr/m/n/10 par-
 []


Overfull \hbox (11.1084pt too wide) in paragraph at lines 7--11
\T1/cmr/m/n/10 al-
 []


Overfull \hbox (10.55298pt too wide) in paragraph at lines 7--11
\T1/cmr/m/n/10 le-
 []


Overfull \hbox (11.16394pt too wide) in paragraph at lines 7--11
\T1/cmr/m/n/10 les
 []


Overfull \hbox (22.35565pt too wide) in paragraph at lines 7--11
\T1/cmr/m/n/10 Licht
 []


Overfull \hbox (8.3313pt too wide) in paragraph at lines 7--11
\T1/cmr/m/n/10 in
 []


Overfull \hbox (28.88184pt too wide) in paragraph at lines 7--11
\T1/cmr/m/n/10 Kugel-
 []


Overfull \hbox (26.93787pt too wide) in paragraph at lines 7--11
\T1/cmr/m/n/10 wellen
 []


Overfull \hbox (34.43604pt too wide) in paragraph at lines 7--11
\T1/cmr/m/n/10 umwan-
 []


Overfull \hbox (21.10596pt too wide) in paragraph at lines 7--11
\T1/cmr/m/n/10 deln. 
 []


Overfull \hbox (4.99878pt too wide) has occurred while \output is active
[]|\T1/cmr/m/sl/10 1 
 []


Overfull \hbox (49.32129pt too wide) has occurred while \output is active
\T1/cmr/m/sl/10 Einführung|  
 []


Overfull \hbox (4.99878pt too wide) has occurred while \output is active
[]|[]\T1/cmr/m/n/10 4[]|  
 []

[4 <./pictures/ms_interferometer_aufbau.png>]
Underfull \vbox (badness 10000) has occurred while \output is active []


Overfull \hbox (4.99878pt too wide) has occurred while \output is active
 []|[]\T1/cmr/m/n/10 5[]|
 []

[5]
Underfull \vbox (badness 10000) has occurred while \output is active []


Overfull \hbox (4.99878pt too wide) has occurred while \output is active
[]|\T1/cmr/m/sl/10 1 
 []


Overfull \hbox (49.32129pt too wide) has occurred while \output is active
\T1/cmr/m/sl/10 Einführung|  
 []


Overfull \hbox (4.99878pt too wide) has occurred while \output is active
[]|[]\T1/cmr/m/n/10 6[]|  
 []

[6]
Underfull \vbox (badness 10000) has occurred while \output is active []


Overfull \hbox (4.99878pt too wide) has occurred while \output is active
 []|[]\T1/cmr/m/n/10 7[]|
 []

[7]
Underfull \vbox (badness 10000) has occurred while \output is active []


Overfull \hbox (4.99878pt too wide) has occurred while \output is active
[]|\T1/cmr/m/sl/10 1 
 []


Overfull \hbox (49.32129pt too wide) has occurred while \output is active
\T1/cmr/m/sl/10 Einführung|  
 []


Overfull \hbox (4.99878pt too wide) has occurred while \output is active
[]|[]\T1/cmr/m/n/10 8[]|  
 []

[8]
Overfull \vbox (494.2992pt too high) has occurred while \output is active []


Overfull \hbox (4.99878pt too wide) has occurred while \output is active
 []|[]\T1/cmr/m/n/10 9[]|
 []

[9 <./pictures/path3.pdf>]

LaTeX Warning: Reference `fig:beugung_ebene' on page 10 undefined on input line 12.


Overfull \hbox (25.99365pt too wide) in paragraph at lines 12--13
[]\T1/cmr/m/n/10 Für
 []


Overfull \hbox (15.55176pt too wide) in paragraph at lines 12--13
\T1/cmr/m/n/10 den
 []


Overfull \hbox (16.24603pt too wide) in paragraph at lines 12--13
\T1/cmr/m/n/10 Fall
 []


Overfull \hbox (14.49646pt too wide) in paragraph at lines 12--13
\T1/cmr/m/n/10 das
 []


Overfull \hbox (16.44043pt too wide) in paragraph at lines 12--13
\T1/cmr/m/n/10 sich
 []


Overfull \hbox (13.91327pt too wide) in paragraph at lines 12--13
\T1/cmr/m/n/10 der
 []


Overfull \hbox (13.8855pt too wide) in paragraph at lines 12--13
\T1/cmr/m/n/10 op-
 []


Overfull \hbox (13.94104pt too wide) in paragraph at lines 12--13
\T1/cmr/m/n/10 tis-
 []


Overfull \hbox (14.16321pt too wide) in paragraph at lines 12--13
\T1/cmr/m/n/10 che
 []


Overfull \hbox (18.88428pt too wide) in paragraph at lines 12--13
\T1/cmr/m/n/10 Weg
 []


Overfull \hbox (13.91327pt too wide) in paragraph at lines 12--13
\T1/cmr/m/n/10 der
 []


Overfull \hbox (16.38489pt too wide) in paragraph at lines 12--13
\T1/cmr/m/n/10 bei-
 []


Overfull \hbox (15.55176pt too wide) in paragraph at lines 12--13
\T1/cmr/m/n/10 den
 []


Overfull \hbox (24.85504pt too wide) in paragraph at lines 12--13
\T1/cmr/m/n/10 Pfade
 []


Overfull \hbox (14.7464pt too wide) in paragraph at lines 12--13
\T1/cmr/m/n/10 nur
 []


Overfull \hbox (13.8855pt too wide) in paragraph at lines 12--13
\T1/cmr/m/n/10 um
 []


Overfull \hbox (17.21802pt too wide) in paragraph at lines 12--13
\T1/cmr/m/n/10 eine
 []


Overfull \hbox (16.80145pt too wide) in paragraph at lines 12--13
\T1/cmr/m/n/10 Dif-
 []


Overfull \hbox (25.8548pt too wide) in paragraph at lines 12--13
\T1/cmr/m/n/10 ferenz
 []


Overfull \hbox (8.3313pt too wide) in paragraph at lines 12--13
\T1/cmr/m/n/10 in
 []


Overfull \hbox (13.91327pt too wide) in paragraph at lines 12--13
\T1/cmr/m/n/10 der
 []


Overfull \hbox (33.88062pt too wide) in paragraph at lines 12--13
\T1/cmr/m/n/10 Spiegel-
 []


Overfull \hbox (14.16321pt too wide) in paragraph at lines 12--13
\T1/cmr/m/n/10 po-
 []


Overfull \hbox (10.0531pt too wide) in paragraph at lines 12--13
\T1/cmr/m/n/10 si-
 []


Overfull \hbox (17.21802pt too wide) in paragraph at lines 12--13
\T1/cmr/m/n/10 tion
 []


Overfull \hbox (5.20486pt too wide) in paragraph at lines 12--13
\OML/cmm/m/it/10 d$
 []


Overfull \hbox (14.44092pt too wide) in paragraph at lines 12--13
\T1/cmr/m/n/10 un-
 []


Overfull \hbox (15.57953pt too wide) in paragraph at lines 12--13
\T1/cmr/m/n/10 ter-
 []


Overfull \hbox (24.21631pt too wide) in paragraph at lines 12--13
\T1/cmr/m/n/10 schei-
 []


Overfull \hbox (16.6626pt too wide) in paragraph at lines 12--13
\T1/cmr/m/n/10 det,
 []


Overfull \hbox (31.6867pt too wide) in paragraph at lines 12--13
\T1/cmr/m/n/10 berech-
 []


Overfull \hbox (13.8855pt too wide) in paragraph at lines 12--13
\T1/cmr/m/n/10 net
 []


Overfull \hbox (16.44043pt too wide) in paragraph at lines 12--13
\T1/cmr/m/n/10 sich
 []


Overfull \hbox (12.77466pt too wide) in paragraph at lines 12--13
\T1/cmr/m/n/10 die
 []


Overfull \hbox (34.63043pt too wide) in paragraph at lines 12--13
\T1/cmr/m/n/10 Phasen-
 []


Overfull \hbox (14.71863pt too wide) in paragraph at lines 12--13
\T1/cmr/m/n/10 dif-
 []


Overfull \hbox (25.8548pt too wide) in paragraph at lines 12--13
\T1/cmr/m/n/10 ferenz
 []


Overfull \hbox (8.3313pt too wide) in paragraph at lines 12--13
\T1/cmr/m/n/10 in
 []


Overfull \hbox (16.38489pt too wide) in paragraph at lines 12--13
\T1/cmr/m/n/10 Ab-
 []


Overfull \hbox (44.98901pt too wide) in paragraph at lines 12--13
\T1/cmr/m/n/10 hängigkeit
 []


Overfull \hbox (13.94104pt too wide) in paragraph at lines 12--13
\T1/cmr/m/n/10 des
 []


Overfull \hbox (34.76929pt too wide) in paragraph at lines 12--13
\T1/cmr/m/n/10 Winkels
 []


Overfull \hbox (21.71692pt too wide) in paragraph at lines 12--13
\T1/cmr/m/n/10 zwis-
 []


Overfull \hbox (19.7174pt too wide) in paragraph at lines 12--13
\T1/cmr/m/n/10 chen
 []


Overfull \hbox (19.16199pt too wide) in paragraph at lines 12--13
\T1/cmr/m/n/10 Mit-
 []


Overfull \hbox (36.93542pt too wide) in paragraph at lines 12--13
\T1/cmr/m/n/10 telpunkt
 []


Overfull \hbox (13.94104pt too wide) in paragraph at lines 12--13
\T1/cmr/m/n/10 des
 []


Overfull \hbox (34.24164pt too wide) in paragraph at lines 12--13
\T1/cmr/m/n/10 Schirms
 []


Overfull \hbox (16.6626pt too wide) in paragraph at lines 12--13
\T1/cmr/m/n/10 und
 []


Overfull \hbox (21.1615pt too wide) in paragraph at lines 12--13
\T1/cmr/m/n/10 eines
 []


Overfull \hbox (26.5213pt too wide) in paragraph at lines 12--13
\T1/cmr/m/n/10 Punk-
 []


Overfull \hbox (12.27478pt too wide) in paragraph at lines 12--13
\T1/cmr/m/n/10 tes
 []


Overfull \hbox (22.55005pt too wide) in paragraph at lines 12--13
\T1/cmr/m/n/10 freier
 []


Overfull \hbox (25.54932pt too wide) in paragraph at lines 12--13
\T1/cmr/m/n/10 Wahl,
 []


Overfull \hbox (27.771pt too wide) in paragraph at lines 12--13
\T1/cmr/m/n/10 gemäÿ
 []


Overfull \hbox (32.38133pt too wide) in paragraph at lines 12--13
\T1/cmr/m/n/10 Fig.[],
 []


Overfull \hbox (9.99756pt too wide) in paragraph at lines 12--13
\T1/cmr/m/n/10 zu 
 []


Overfull \hbox (137.37346pt too wide) detected at line 16
[]
 []


Underfull \vbox (badness 10000) has occurred while \output is active []


Overfull \hbox (4.99878pt too wide) has occurred while \output is active
[]|\T1/cmr/m/sl/10 1 
 []


Overfull \hbox (49.32129pt too wide) has occurred while \output is active
\T1/cmr/m/sl/10 Einführung|  
 []


Overfull \hbox (9.99756pt too wide) has occurred while \output is active
[]|[]\T1/cmr/m/n/10 10[]|  
 []

[10]) (./chapters/DurchfÃ¼hrung.tex
Overfull \hbox (9.99756pt too wide) has occurred while \output is active
 []|[]\T1/cmr/m/n/10 11[]|
 []

[11] [12


]
chapter 2.

Overfull \hbox (248.31737pt too wide) in paragraph at lines 1--1
[]\T1/cmss/bx/n/20.74 Versuchsdurchführung  
 []


LaTeX Warning: Reference `fig:aufbau' on page 13 undefined on input line 2.


LaTeX Warning: Reference `eq:phasendiff_ebenen' on page 13 undefined on input line 3.


LaTeX Warning: Reference `eq:phasendiff_ebenen' on page 13 undefined on input line 3.


Overfull \hbox (16.57928pt too wide) in paragraph at lines 2--4
\T1/cmr/m/n/10 Das
 []


Overfull \hbox (16.10718pt too wide) in paragraph at lines 2--4
\T1/cmr/m/n/10 Ziel
 []


Overfull \hbox (25.10498pt too wide) in paragraph at lines 2--4
\T1/cmr/m/n/10 dieses
 []


Overfull \hbox (18.35663pt too wide) in paragraph at lines 2--4
\T1/cmr/m/n/10 Ver-
 []


Overfull \hbox (23.16101pt too wide) in paragraph at lines 2--4
\T1/cmr/m/n/10 suchs
 []


Overfull \hbox (15.85724pt too wide) in paragraph at lines 2--4
\T1/cmr/m/n/10 war
 []


Overfull \hbox (8.38684pt too wide) in paragraph at lines 2--4
\T1/cmr/m/n/10 es
 []


Overfull \hbox (16.69037pt too wide) in paragraph at lines 2--4
\T1/cmr/m/n/10 drei
 []


Overfull \hbox (32.31155pt too wide) in paragraph at lines 2--4
\T1/cmr/m/n/10 Grüÿen
 []


Overfull \hbox (9.99756pt too wide) in paragraph at lines 2--4
\T1/cmr/m/n/10 zu
 []


Overfull \hbox (17.55127pt too wide) in paragraph at lines 2--4
\T1/cmr/m/n/10 bes-
 []


Overfull \hbox (18.32886pt too wide) in paragraph at lines 2--4
\T1/cmr/m/n/10 tim-
 []


Overfull \hbox (21.10596pt too wide) in paragraph at lines 2--4
\T1/cmr/m/n/10 men,
 []


Overfull \hbox (12.77466pt too wide) in paragraph at lines 2--4
\T1/cmr/m/n/10 die
 []


Overfull \hbox (17.38464pt too wide) in paragraph at lines 2--4
\T1/cmr/m/n/10 Fre-
 []


Overfull \hbox (25.2716pt too wide) in paragraph at lines 2--4
\T1/cmr/m/n/10 quenz
 []


Overfull \hbox (13.94104pt too wide) in paragraph at lines 2--4
\T1/cmr/m/n/10 des
 []


Overfull \hbox (30.27039pt too wide) in paragraph at lines 2--4
\T1/cmr/m/n/10 Lasers,
 []


Overfull \hbox (15.55176pt too wide) in paragraph at lines 2--4
\T1/cmr/m/n/10 den
 []


Overfull \hbox (56.59729pt too wide) in paragraph at lines 2--4
\T1/cmr/m/n/10 Brechungsin-
 []


Overfull \hbox (15.27405pt too wide) in paragraph at lines 2--4
\T1/cmr/m/n/10 dex
 []


Overfull \hbox (15.55176pt too wide) in paragraph at lines 2--4
\T1/cmr/m/n/10 von
 []


Overfull \hbox (21.52252pt too wide) in paragraph at lines 2--4
\T1/cmr/m/n/10 Luft,
 []


Overfull \hbox (23.10547pt too wide) in paragraph at lines 2--4
\T1/cmr/m/n/10 sowie
 []


Overfull \hbox (15.55176pt too wide) in paragraph at lines 2--4
\T1/cmr/m/n/10 den
 []


Overfull \hbox (56.59729pt too wide) in paragraph at lines 2--4
\T1/cmr/m/n/10 Brechungsin-
 []


Overfull \hbox (15.27405pt too wide) in paragraph at lines 2--4
\T1/cmr/m/n/10 dex
 []


Overfull \hbox (21.1615pt too wide) in paragraph at lines 2--4
\T1/cmr/m/n/10 eines
 []


Overfull \hbox (22.89719pt too wide) in paragraph at lines 2--4
\T1/cmr/m/n/10 Glas-
 []


Overfull \hbox (47.54395pt too wide) in paragraph at lines 2--4
\T1/cmr/m/n/10 plättchens.
 []


Overfull \hbox (22.63336pt too wide) in paragraph at lines 2--4
\T1/cmr/m/n/10 Dazu
 []


Overfull \hbox (20.02289pt too wide) in paragraph at lines 2--4
\T1/cmr/m/n/10 wur-
 []


Overfull \hbox (15.55176pt too wide) in paragraph at lines 2--4
\T1/cmr/m/n/10 den
 []


Overfull \hbox (16.69037pt too wide) in paragraph at lines 2--4
\T1/cmr/m/n/10 drei
 []


Overfull \hbox (16.69037pt too wide) in paragraph at lines 2--4
\T1/cmr/m/n/10 ver-
 []


Overfull \hbox (36.43555pt too wide) in paragraph at lines 2--4
\T1/cmr/m/n/10 schieden
 []


Overfull \hbox (18.35663pt too wide) in paragraph at lines 2--4
\T1/cmr/m/n/10 Ver-
 []


Overfull \hbox (30.43701pt too wide) in paragraph at lines 2--4
\T1/cmr/m/n/10 suchss-
 []


Overfull \hbox (32.49207pt too wide) in paragraph at lines 2--4
\T1/cmr/m/n/10 chemen
 []


Overfull \hbox (14.44092pt too wide) in paragraph at lines 2--4
\T1/cmr/m/n/10 im-
 []


Overfull \hbox (16.10718pt too wide) in paragraph at lines 2--4
\T1/cmr/m/n/10 ple-
 []


Overfull \hbox (21.66138pt too wide) in paragraph at lines 2--4
\T1/cmr/m/n/10 men-
 []


Overfull \hbox (21.68915pt too wide) in paragraph at lines 2--4
\T1/cmr/m/n/10 tiert.
 []


Overfull \hbox (23.49426pt too wide) in paragraph at lines 2--4
\T1/cmr/m/n/10 Jeder
 []


Overfull \hbox (25.07721pt too wide) in paragraph at lines 2--4
\T1/cmr/m/n/10 dieser
 []


Overfull \hbox (21.68915pt too wide) in paragraph at lines 2--4
\T1/cmr/m/n/10 Vari-
 []


Overfull \hbox (24.16077pt too wide) in paragraph at lines 2--4
\T1/cmr/m/n/10 anten
 []


Overfull \hbox (16.69037pt too wide) in paragraph at lines 2--4
\T1/cmr/m/n/10 ver-
 []


Overfull \hbox (20.27283pt too wide) in paragraph at lines 2--4
\T1/cmr/m/n/10 wen-
 []


Overfull \hbox (13.8855pt too wide) in paragraph at lines 2--4
\T1/cmr/m/n/10 det
 []


Overfull \hbox (15.55176pt too wide) in paragraph at lines 2--4
\T1/cmr/m/n/10 den
 []


Overfull \hbox (13.8855pt too wide) in paragraph at lines 2--4
\T1/cmr/m/n/10 all-
 []


Overfull \hbox (12.77466pt too wide) in paragraph at lines 2--4
\T1/cmr/m/n/10 ge-
 []


Overfull \hbox (31.10352pt too wide) in paragraph at lines 2--4
\T1/cmr/m/n/10 meinen
 []


Overfull \hbox (19.4397pt too wide) in paragraph at lines 2--4
\T1/cmr/m/n/10 Auf-
 []


Overfull \hbox (16.10718pt too wide) in paragraph at lines 2--4
\T1/cmr/m/n/10 bau
 []


Overfull \hbox (21.1615pt too wide) in paragraph at lines 2--4
\T1/cmr/m/n/10 eines
 []


Overfull \hbox (32.21436pt too wide) in paragraph at lines 2--4
\T1/cmr/m/n/10 Michel-
 []


Overfull \hbox (14.49646pt too wide) in paragraph at lines 2--4
\T1/cmr/m/n/10 son
 []


Overfull \hbox (12.49695pt too wide) in paragraph at lines 2--4
\T1/cmr/m/n/10 In-
 []


Overfull \hbox (15.57953pt too wide) in paragraph at lines 2--4
\T1/cmr/m/n/10 ter-
 []


Overfull \hbox (14.7464pt too wide) in paragraph at lines 2--4
\T1/cmr/m/n/10 fer-
 []


Overfull \hbox (16.6626pt too wide) in paragraph at lines 2--4
\T1/cmr/m/n/10 om-
 []


Overfull \hbox (7.77588pt too wide) in paragraph at lines 2--4
\T1/cmr/m/n/10 e-
 []


Overfull \hbox (16.19049pt too wide) in paragraph at lines 2--4
\T1/cmr/m/n/10 ters
 []


Overfull \hbox (37.38011pt too wide) in paragraph at lines 2--4
\T1/cmr/m/n/10 (Fig.[]) 
 []


Overfull \hbox (11.94153pt too wide) in paragraph at lines 2--4
\T1/cmr/m/n/10 Im
 []


Overfull \hbox (11.69159pt too wide) in paragraph at lines 2--4
\T1/cmr/m/n/10 er-
 []


Overfull \hbox (17.82898pt too wide) in paragraph at lines 2--4
\T1/cmr/m/n/10 sten
 []


Overfull \hbox (19.16199pt too wide) in paragraph at lines 2--4
\T1/cmr/m/n/10 Teil,
 []


Overfull \hbox (13.91327pt too wide) in paragraph at lines 2--4
\T1/cmr/m/n/10 zur
 []


Overfull \hbox (18.80096pt too wide) in paragraph at lines 2--4
\T1/cmr/m/n/10 Bes-
 []


Overfull \hbox (18.32886pt too wide) in paragraph at lines 2--4
\T1/cmr/m/n/10 tim-
 []


Overfull \hbox (24.16077pt too wide) in paragraph at lines 2--4
\T1/cmr/m/n/10 mung
 []


Overfull \hbox (13.91327pt too wide) in paragraph at lines 2--4
\T1/cmr/m/n/10 der
 []


Overfull \hbox (32.76978pt too wide) in paragraph at lines 2--4
\T1/cmr/m/n/10 Wellen-
 []


Overfull \hbox (22.77222pt too wide) in paragraph at lines 2--4
\T1/cmr/m/n/10 länge
 []


Overfull \hbox (13.94104pt too wide) in paragraph at lines 2--4
\T1/cmr/m/n/10 des
 []


Overfull \hbox (30.27039pt too wide) in paragraph at lines 2--4
\T1/cmr/m/n/10 Lasers,
 []


Overfull \hbox (35.26917pt too wide) in paragraph at lines 2--4
\T1/cmr/m/n/10 befindet
 []


Overfull \hbox (16.44043pt too wide) in paragraph at lines 2--4
\T1/cmr/m/n/10 sich
 []


Overfull \hbox (22.2168pt too wide) in paragraph at lines 2--4
\T1/cmr/m/n/10 keine
 []


Overfull \hbox (25.99365pt too wide) in paragraph at lines 2--4
\T1/cmr/m/n/10 Probe
 []


Overfull \hbox (11.1084pt too wide) in paragraph at lines 2--4
\T1/cmr/m/n/10 im
 []


Overfull \hbox (40.018pt too wide) in paragraph at lines 2--4
\T1/cmr/m/n/10 Strahlen-
 []


Overfull \hbox (23.32764pt too wide) in paragraph at lines 2--4
\T1/cmr/m/n/10 gang.
 []


Overfull \hbox (14.85748pt too wide) in paragraph at lines 2--4
\T1/cmr/m/n/10 Die
 []


Overfull \hbox (29.43726pt too wide) in paragraph at lines 2--4
\T1/cmr/m/n/10 einzige
 []


Overfull \hbox (14.7464pt too wide) in paragraph at lines 2--4
\T1/cmr/m/n/10 Ur-
 []


Overfull \hbox (23.10547pt too wide) in paragraph at lines 2--4
\T1/cmr/m/n/10 sache
 []


Overfull \hbox (13.91327pt too wide) in paragraph at lines 2--4
\T1/cmr/m/n/10 der
 []


Overfull \hbox (13.8855pt too wide) in paragraph at lines 2--4
\T1/cmr/m/n/10 op-
 []


Overfull \hbox (13.94104pt too wide) in paragraph at lines 2--4
\T1/cmr/m/n/10 tis-
 []


Overfull \hbox (19.7174pt too wide) in paragraph at lines 2--4
\T1/cmr/m/n/10 chen
 []


Overfull \hbox (33.6029pt too wide) in paragraph at lines 2--4
\T1/cmr/m/n/10 Wegdif-
 []


Overfull \hbox (25.8548pt too wide) in paragraph at lines 2--4
\T1/cmr/m/n/10 ferenz
 []


Overfull \hbox (10.60852pt too wide) in paragraph at lines 2--4
\T1/cmr/m/n/10 ist
 []


Overfull \hbox (14.85748pt too wide) in paragraph at lines 2--4
\T1/cmr/m/n/10 Po-
 []


Overfull \hbox (10.0531pt too wide) in paragraph at lines 2--4
\T1/cmr/m/n/10 si-
 []


Overfull \hbox (17.21802pt too wide) in paragraph at lines 2--4
\T1/cmr/m/n/10 tion
 []


Overfull \hbox (13.91327pt too wide) in paragraph at lines 2--4
\T1/cmr/m/n/10 der
 []


Overfull \hbox (33.3252pt too wide) in paragraph at lines 2--4
\T1/cmr/m/n/10 Spiegel.
 []


Overfull \hbox (30.61752pt too wide) in paragraph at lines 2--4
\T1/cmr/m/n/10 Gemäÿ
 []


Overfull \hbox (35.15843pt too wide) in paragraph at lines 2--4
\T1/cmr/m/n/10 Eq.([])
 []


Overfull \hbox (13.8855pt too wide) in paragraph at lines 2--4
\T1/cmr/m/n/10 än-
 []


Overfull \hbox (17.80121pt too wide) in paragraph at lines 2--4
\T1/cmr/m/n/10 dert
 []


Overfull \hbox (16.44043pt too wide) in paragraph at lines 2--4
\T1/cmr/m/n/10 sich
 []


Overfull \hbox (12.77466pt too wide) in paragraph at lines 2--4
\T1/cmr/m/n/10 die
 []


Overfull \hbox (34.63043pt too wide) in paragraph at lines 2--4
\T1/cmr/m/n/10 Phasen-
 []


Overfull \hbox (14.71863pt too wide) in paragraph at lines 2--4
\T1/cmr/m/n/10 dif-
 []


Overfull \hbox (25.8548pt too wide) in paragraph at lines 2--4
\T1/cmr/m/n/10 ferenz
 []


Overfull \hbox (14.99634pt too wide) in paragraph at lines 2--4
\T1/cmr/m/n/10 mit
 []


Overfull \hbox (29.4928pt too wide) in paragraph at lines 2--4
\T1/cmr/m/n/10 diesem
 []


Overfull \hbox (16.38489pt too wide) in paragraph at lines 2--4
\T1/cmr/m/n/10 Ab-
 []


Overfull \hbox (26.7157pt too wide) in paragraph at lines 2--4
\T1/cmr/m/n/10 stand.
 []


Overfull \hbox (14.85748pt too wide) in paragraph at lines 2--4
\T1/cmr/m/n/10 Be-
 []


Overfull \hbox (16.13495pt too wide) in paragraph at lines 2--4
\T1/cmr/m/n/10 tra-
 []


Overfull \hbox (23.32764pt too wide) in paragraph at lines 2--4
\T1/cmr/m/n/10 chten
 []


Overfull \hbox (13.91327pt too wide) in paragraph at lines 2--4
\T1/cmr/m/n/10 wir
 []


Overfull \hbox (14.49646pt too wide) in paragraph at lines 2--4
\T1/cmr/m/n/10 das
 []


Overfull \hbox (19.4397pt too wide) in paragraph at lines 2--4
\T1/cmr/m/n/10 Zen-
 []


Overfull \hbox (21.68915pt too wide) in paragraph at lines 2--4
\T1/cmr/m/n/10 trum
 []


Overfull \hbox (13.94104pt too wide) in paragraph at lines 2--4
\T1/cmr/m/n/10 des
 []


Overfull \hbox (12.49695pt too wide) in paragraph at lines 2--4
\T1/cmr/m/n/10 In-
 []


Overfull \hbox (15.57953pt too wide) in paragraph at lines 2--4
\T1/cmr/m/n/10 ter-
 []


Overfull \hbox (29.18732pt too wide) in paragraph at lines 2--4
\T1/cmr/m/n/10 ferenz-
 []


Overfull \hbox (33.74176pt too wide) in paragraph at lines 2--4
\T1/cmr/m/n/10 musters
 []


Overfull \hbox (10.60852pt too wide) in paragraph at lines 2--4
\T1/cmr/m/n/10 ist
 []


Overfull \hbox (16.98955pt too wide) in paragraph at lines 2--4
\OML/cmm/m/it/10  \OT1/cmr/m/n/10 =
 []


Overfull \hbox (7.77711pt too wide) in paragraph at lines 2--4
\OT1/cmr/m/n/10 0$\T1/cmr/m/n/10 .
 []


Overfull \hbox (24.9939pt too wide) in paragraph at lines 2--4
\T1/cmr/m/n/10 Wenn
 []


Overfull \hbox (13.91327pt too wide) in paragraph at lines 2--4
\T1/cmr/m/n/10 wir
 []


Overfull \hbox (19.16199pt too wide) in paragraph at lines 2--4
\T1/cmr/m/n/10 nun,
 []


Overfull \hbox (23.0777pt too wide) in paragraph at lines 2--4
\T1/cmr/m/n/10 unter
 []


Overfull \hbox (18.88428pt too wide) in paragraph at lines 2--4
\T1/cmr/m/n/10 kon-
 []


Overfull \hbox (31.96442pt too wide) in paragraph at lines 2--4
\T1/cmr/m/n/10 tinuier-
 []


Overfull \hbox (23.63312pt too wide) in paragraph at lines 2--4
\T1/cmr/m/n/10 licher
 []


Overfull \hbox (16.38489pt too wide) in paragraph at lines 2--4
\T1/cmr/m/n/10 Än-
 []


Overfull \hbox (30.02045pt too wide) in paragraph at lines 2--4
\T1/cmr/m/n/10 derung
 []


Overfull \hbox (13.94104pt too wide) in paragraph at lines 2--4
\T1/cmr/m/n/10 des
 []


Overfull \hbox (16.38489pt too wide) in paragraph at lines 2--4
\T1/cmr/m/n/10 Ab-
 []


Overfull \hbox (27.88208pt too wide) in paragraph at lines 2--4
\T1/cmr/m/n/10 stands
 []


Overfull \hbox (7.98196pt too wide) in paragraph at lines 2--4
\OML/cmm/m/it/10 d$\T1/cmr/m/n/10 ,
 []


Overfull \hbox (27.771pt too wide) in paragraph at lines 2--4
\T1/cmr/m/n/10 zählen
 []


Overfull \hbox (14.44092pt too wide) in paragraph at lines 2--4
\T1/cmr/m/n/10 wie
 []


Overfull \hbox (11.94153pt too wide) in paragraph at lines 2--4
\T1/cmr/m/n/10 oft
 []


Overfull \hbox (16.44043pt too wide) in paragraph at lines 2--4
\T1/cmr/m/n/10 sich
 []


Overfull \hbox (11.1084pt too wide) in paragraph at lines 2--4
\T1/cmr/m/n/10 im
 []


Overfull \hbox (12.49695pt too wide) in paragraph at lines 2--4
\T1/cmr/m/n/10 In-
 []


Overfull \hbox (15.57953pt too wide) in paragraph at lines 2--4
\T1/cmr/m/n/10 ter-
 []


Overfull \hbox (43.62823pt too wide) in paragraph at lines 2--4
\T1/cmr/m/n/10 ferenzzen-
 []


Overfull \hbox (21.68915pt too wide) in paragraph at lines 2--4
\T1/cmr/m/n/10 trum
 []


Overfull \hbox (12.77466pt too wide) in paragraph at lines 2--4
\T1/cmr/m/n/10 ein
 []


Overfull \hbox (12.49695pt too wide) in paragraph at lines 2--4
\T1/cmr/m/n/10 In-
 []


Overfull \hbox (17.21802pt too wide) in paragraph at lines 2--4
\T1/cmr/m/n/10 ten-
 []


Overfull \hbox (26.77124pt too wide) in paragraph at lines 2--4
\T1/cmr/m/n/10 sitäts-
 []


Overfull \hbox (21.93909pt too wide) in paragraph at lines 2--4
\T1/cmr/m/n/10 max-
 []


Overfull \hbox (6.10962pt too wide) in paragraph at lines 2--4
\T1/cmr/m/n/10 i-
 []


Overfull \hbox (21.93909pt too wide) in paragraph at lines 2--4
\T1/cmr/m/n/10 mum
 []


Overfull \hbox (38.04626pt too wide) in paragraph at lines 2--4
\T1/cmr/m/n/10 befindet,
 []


Overfull \hbox (14.49646pt too wide) in paragraph at lines 2--4
\T1/cmr/m/n/10 das
 []


Overfull \hbox (16.44043pt too wide) in paragraph at lines 2--4
\T1/cmr/m/n/10 sich
 []


Overfull \hbox (21.66138pt too wide) in paragraph at lines 2--4
\T1/cmr/m/n/10 dann
 []


Overfull \hbox (14.99634pt too wide) in paragraph at lines 2--4
\T1/cmr/m/n/10 mit
 []


Overfull \hbox (16.44043pt too wide) in paragraph at lines 2--4
\T1/cmr/m/n/10 sich
 []


Overfull \hbox (13.8855pt too wide) in paragraph at lines 2--4
\T1/cmr/m/n/10 än-
 []


Overfull \hbox (22.79999pt too wide) in paragraph at lines 2--4
\T1/cmr/m/n/10 dern-
 []


Overfull \hbox (18.32886pt too wide) in paragraph at lines 2--4
\T1/cmr/m/n/10 dem
 []


Overfull \hbox (5.20486pt too wide) in paragraph at lines 2--4
\OML/cmm/m/it/10 d$
 []


Overfull \hbox (20.27283pt too wide) in paragraph at lines 2--4
\T1/cmr/m/n/10 nach
 []


Overfull \hbox (25.54932pt too wide) in paragraph at lines 2--4
\T1/cmr/m/n/10 auÿen
 []


Overfull \hbox (13.60779pt too wide) in paragraph at lines 2--4
\T1/cmr/m/n/10 be-
 []


Overfull \hbox (23.04993pt too wide) in paragraph at lines 2--4
\T1/cmr/m/n/10 wegt,
 []


Overfull \hbox (18.88428pt too wide) in paragraph at lines 2--4
\T1/cmr/m/n/10 kön-
 []


Overfull \hbox (15.55176pt too wide) in paragraph at lines 2--4
\T1/cmr/m/n/10 nen
 []


Overfull \hbox (13.91327pt too wide) in paragraph at lines 2--4
\T1/cmr/m/n/10 wir
 []


Overfull \hbox (12.77466pt too wide) in paragraph at lines 2--4
\T1/cmr/m/n/10 die
 []


Overfull \hbox (32.76978pt too wide) in paragraph at lines 2--4
\T1/cmr/m/n/10 Wellen-
 []


Overfull \hbox (22.77222pt too wide) in paragraph at lines 2--4
\T1/cmr/m/n/10 länge
 []


Overfull \hbox (13.94104pt too wide) in paragraph at lines 2--4
\T1/cmr/m/n/10 des
 []


Overfull \hbox (27.49329pt too wide) in paragraph at lines 2--4
\T1/cmr/m/n/10 Lasers
 []


Overfull \hbox (13.8855pt too wide) in paragraph at lines 2--4
\T1/cmr/m/n/10 ab-
 []


Overfull \hbox (39.76807pt too wide) in paragraph at lines 2--4
\T1/cmr/m/n/10 schätzen.
 []


Overfull \hbox (10.74738pt too wide) in paragraph at lines 2--4
\T1/cmr/m/n/10 Es
 []


Overfull \hbox (14.44092pt too wide) in paragraph at lines 2--4
\T1/cmr/m/n/10 gilt
 []


Overfull \hbox (20.27283pt too wide) in paragraph at lines 2--4
\T1/cmr/m/n/10 nach
 []


Overfull \hbox (35.15843pt too wide) in paragraph at lines 2--4
\T1/cmr/m/n/10 Eq.([]) 
 []


Overfull \hbox (9.99756pt too wide) has occurred while \output is active
 []|[]\T1/cmr/m/n/10 13[]|
 []

[13]
Underfull \vbox (badness 10000) has occurred while \output is active []


Overfull \hbox (4.99878pt too wide) has occurred while \output is active
[]|\T1/cmr/m/sl/10 2 
 []


Overfull \hbox (97.11517pt too wide) has occurred while \output is active
\T1/cmr/m/sl/10 Versuchsdurchführung|  
 []


Overfull \hbox (9.99756pt too wide) has occurred while \output is active
[]|[]\T1/cmr/m/n/10 14[]|  
 []

[14]
Underfull \vbox (badness 10000) has occurred while \output is active []


Overfull \hbox (9.99756pt too wide) has occurred while \output is active
 []|[]\T1/cmr/m/n/10 15[]|
 []

[15]
Overfull \hbox (27.56892pt too wide) detected at line 6
[]
 []

<pictures/path7.pdf, id=126, 410.53375pt x 309.155pt>
File: pictures/path7.pdf Graphic file (type pdf)
<use pictures/path7.pdf>
Package pdftex.def Info: pictures/path7.pdf  used on input line 10.
(pdftex.def)             Requested size: 287.37166pt x 216.40701pt.

Overfull \hbox (287.37166pt too wide) in paragraph at lines 10--11
 [][][] 
 []


Overfull \hbox (45.98877pt too wide) in paragraph at lines 11--11
[][][]\T1/cmr/m/n/10 Figure 2.1[][]:
 []


Overfull \hbox (20.02983pt too wide) in paragraph at lines 11--11
[]|\T1/cmr/bx/n/10 We-
 []


Overfull \hbox (22.35565pt too wide) in paragraph at lines 11--11
\T1/cmr/bx/n/10 gun-
 []


Overfull \hbox (18.30803pt too wide) in paragraph at lines 11--11
\T1/cmr/bx/n/10 ter-
 []


Overfull \hbox (30.56337pt too wide) in paragraph at lines 11--11
\T1/cmr/bx/n/10 schied
 []


Overfull \hbox (15.1699pt too wide) in paragraph at lines 11--11
\T1/cmr/bx/n/10 bei
 []


Overfull \hbox (46.2526pt too wide) in paragraph at lines 11--11
\T1/cmr/bx/n/10 Strahlen-
 []


Overfull \hbox (23.47343pt too wide) in paragraph at lines 11--11
\T1/cmr/bx/n/10 gang
 []


Overfull \hbox (28.68744pt too wide) in paragraph at lines 11--11
\T1/cmr/bx/n/10 durch
 []


Overfull \hbox (26.18944pt too wide) in paragraph at lines 11--11
\T1/cmr/bx/n/10 Glas-
 []


Overfull \hbox (50.14053pt too wide) in paragraph at lines 11--11
\T1/cmr/bx/n/10 plättchen.
 []


Overfull \hbox (16.57928pt too wide) in paragraph at lines 11--11
\T1/cmr/m/n/10 Das
 []


Overfull \hbox (22.89719pt too wide) in paragraph at lines 11--11
\T1/cmr/m/n/10 Glas-
 []


Overfull \hbox (40.82336pt too wide) in paragraph at lines 11--11
\T1/cmr/m/n/10 plättchen
 []


Overfull \hbox (19.46747pt too wide) in paragraph at lines 11--11
\T1/cmr/m/n/10 wird
 []


Overfull \hbox (24.74396pt too wide) in paragraph at lines 11--11
\T1/cmr/m/n/10 durch
 []


Overfull \hbox (14.49646pt too wide) in paragraph at lines 11--11
\T1/cmr/m/n/10 das
 []


Overfull \hbox (38.12958pt too wide) in paragraph at lines 11--11
\T1/cmr/m/n/10 schwarze
 []


Overfull \hbox (39.01825pt too wide) in paragraph at lines 11--11
\T1/cmr/m/n/10 Rechteck
 []


Overfull \hbox (48.40485pt too wide) in paragraph at lines 11--11
\T1/cmr/m/n/10 dargestellt.
 []


Overfull \hbox (15.9961pt too wide) in paragraph at lines 11--11
\T1/cmr/m/n/10 Der
 []


Overfull \hbox (56.59729pt too wide) in paragraph at lines 11--11
\T1/cmr/m/n/10 Brechungsin-
 []


Overfull \hbox (15.27405pt too wide) in paragraph at lines 11--11
\T1/cmr/m/n/10 dex
 []


Overfull \hbox (11.66382pt too wide) in paragraph at lines 11--11
\T1/cmr/m/n/10 in-
 []


Overfull \hbox (17.24579pt too wide) in paragraph at lines 11--11
\T1/cmr/m/n/10 ner-
 []


Overfull \hbox (18.88428pt too wide) in paragraph at lines 11--11
\T1/cmr/m/n/10 halb
 []


Overfull \hbox (10.60852pt too wide) in paragraph at lines 11--11
\T1/cmr/m/n/10 ist
 []


Overfull \hbox (14.99634pt too wide) in paragraph at lines 11--11
\T1/cmr/m/n/10 mit
 []


Overfull \hbox (10.48848pt too wide) in paragraph at lines 11--11
\OML/cmm/m/it/10 n[]$
 []


Overfull \hbox (20.55054pt too wide) in paragraph at lines 11--11
\T1/cmr/m/n/10 gela-
 []


Overfull \hbox (19.7174pt too wide) in paragraph at lines 11--11
\T1/cmr/m/n/10 belt,
 []


Overfull \hbox (27.24335pt too wide) in paragraph at lines 11--11
\T1/cmr/m/n/10 auÿer-
 []


Overfull \hbox (18.88428pt too wide) in paragraph at lines 11--11
\T1/cmr/m/n/10 halb
 []


Overfull \hbox (14.99634pt too wide) in paragraph at lines 11--11
\T1/cmr/m/n/10 mit
 []


Overfull \hbox (13.26558pt too wide) in paragraph at lines 11--11
\OML/cmm/m/it/10 n[]$\T1/cmr/m/n/10 .
 []


Overfull \hbox (15.1352pt too wide) in paragraph at lines 11--11
\T1/cmr/m/n/10 Ein
 []


Overfull \hbox (25.68817pt too wide) in paragraph at lines 11--11
\T1/cmr/m/n/10 Licht-
 []


Overfull \hbox (27.85431pt too wide) in paragraph at lines 11--11
\T1/cmr/m/n/10 strahl,
 []


Overfull \hbox (13.91327pt too wide) in paragraph at lines 11--11
\T1/cmr/m/n/10 der
 []


Overfull \hbox (23.0777pt too wide) in paragraph at lines 11--11
\T1/cmr/m/n/10 unter
 []


Overfull \hbox (18.32886pt too wide) in paragraph at lines 11--11
\T1/cmr/m/n/10 dem
 []


Overfull \hbox (30.8258pt too wide) in paragraph at lines 11--11
\T1/cmr/m/n/10 Winkel
 []


Overfull \hbox (10.88315pt too wide) in paragraph at lines 11--11
\OML/cmm/m/it/10 []$
 []


Overfull \hbox (13.60779pt too wide) in paragraph at lines 11--11
\T1/cmr/m/n/10 auf
 []


Overfull \hbox (14.49646pt too wide) in paragraph at lines 11--11
\T1/cmr/m/n/10 das
 []


Overfull \hbox (22.89719pt too wide) in paragraph at lines 11--11
\T1/cmr/m/n/10 Glas-
 []


Overfull \hbox (40.82336pt too wide) in paragraph at lines 11--11
\T1/cmr/m/n/10 plättchen
 []


Overfull \hbox (23.0777pt too wide) in paragraph at lines 11--11
\T1/cmr/m/n/10 trifft,
 []


Overfull \hbox (19.46747pt too wide) in paragraph at lines 11--11
\T1/cmr/m/n/10 wird
 []


Overfull \hbox (16.9403pt too wide) in paragraph at lines 11--11
\T1/cmr/m/n/10 auf-
 []


Overfull \hbox (25.57709pt too wide) in paragraph at lines 11--11
\T1/cmr/m/n/10 grund
 []


Overfull \hbox (13.94104pt too wide) in paragraph at lines 11--11
\T1/cmr/m/n/10 des
 []


Overfull \hbox (34.4638pt too wide) in paragraph at lines 11--11
\T1/cmr/m/n/10 höheren
 []


Overfull \hbox (56.59729pt too wide) in paragraph at lines 11--11
\T1/cmr/m/n/10 Brechungsin-
 []


Overfull \hbox (15.27405pt too wide) in paragraph at lines 11--11
\T1/cmr/m/n/10 dex
 []


Overfull \hbox (8.3313pt too wide) in paragraph at lines 11--11
\T1/cmr/m/n/10 in
 []


Overfull \hbox (19.56467pt too wide) in paragraph at lines 11--11
\T1/cmr/m/n/10 Glas
 []


Overfull \hbox (18.32886pt too wide) in paragraph at lines 11--11
\T1/cmr/m/n/10 zum
 []


Overfull \hbox (15.1352pt too wide) in paragraph at lines 11--11
\T1/cmr/m/n/10 Lot
 []


Overfull \hbox (13.8855pt too wide) in paragraph at lines 11--11
\T1/cmr/m/n/10 hin
 []


Overfull \hbox (12.77466pt too wide) in paragraph at lines 11--11
\T1/cmr/m/n/10 ge-
 []


Overfull \hbox (37.2409pt too wide) in paragraph at lines 11--11
\T1/cmr/m/n/10 brochen.
 []


Overfull \hbox (14.85748pt too wide) in paragraph at lines 11--11
\T1/cmr/m/n/10 Die
 []


Overfull \hbox (17.24579pt too wide) in paragraph at lines 11--11
\T1/cmr/m/n/10 rote
 []


Overfull \hbox (21.80023pt too wide) in paragraph at lines 11--11
\T1/cmr/m/n/10 Linie
 []


Overfull \hbox (20.55054pt too wide) in paragraph at lines 11--11
\T1/cmr/m/n/10 zeigt
 []


Overfull \hbox (15.55176pt too wide) in paragraph at lines 11--11
\T1/cmr/m/n/10 den
 []


Overfull \hbox (18.88428pt too wide) in paragraph at lines 11--11
\T1/cmr/m/n/10 Weg
 []


Overfull \hbox (24.74396pt too wide) in paragraph at lines 11--11
\T1/cmr/m/n/10 durch
 []


Overfull \hbox (14.49646pt too wide) in paragraph at lines 11--11
\T1/cmr/m/n/10 das
 []


Overfull \hbox (22.34177pt too wide) in paragraph at lines 11--11
\T1/cmr/m/n/10 Glas.
 []


Overfull \hbox (22.86942pt too wide) in paragraph at lines 11--11
\T1/cmr/m/n/10 Grün
 []


Overfull \hbox (17.21802pt too wide) in paragraph at lines 11--11
\T1/cmr/m/n/10 gibt
 []


Overfull \hbox (11.71936pt too wide) in paragraph at lines 11--11
\T1/cmr/m/n/10 als
 []


Overfull \hbox (18.19pt too wide) in paragraph at lines 11--11
\T1/cmr/m/n/10 Ref-
 []


Overfull \hbox (22.79999pt too wide) in paragraph at lines 11--11
\T1/cmr/m/n/10 erenz
 []


Overfull \hbox (15.55176pt too wide) in paragraph at lines 11--11
\T1/cmr/m/n/10 den
 []


Overfull \hbox (40.018pt too wide) in paragraph at lines 11--11
\T1/cmr/m/n/10 Strahlen-
 []


Overfull \hbox (20.55054pt too wide) in paragraph at lines 11--11
\T1/cmr/m/n/10 gang
 []


Overfull \hbox (13.33008pt too wide) in paragraph at lines 11--11
\T1/cmr/m/n/10 an,
 []


Overfull \hbox (22.4945pt too wide) in paragraph at lines 11--11
\T1/cmr/m/n/10 wenn
 []


Overfull \hbox (17.77344pt too wide) in paragraph at lines 11--11
\T1/cmr/m/n/10 kein
 []


Overfull \hbox (22.89719pt too wide) in paragraph at lines 11--11
\T1/cmr/m/n/10 Glas-
 []


Overfull \hbox (40.82336pt too wide) in paragraph at lines 11--11
\T1/cmr/m/n/10 plättchen
 []


Overfull \hbox (10.55298pt too wide) in paragraph at lines 11--11
\T1/cmr/m/n/10 da
 []


Overfull \hbox (13.38562pt too wide) in paragraph at lines 11--11
\T1/cmr/m/n/10 ist.| 
 []


Overfull \hbox (21.93909pt too wide) in paragraph at lines 8--12
[]\T1/cmr/m/n/10 Im
 []


Overfull \hbox (32.49207pt too wide) in paragraph at lines 8--12
\T1/cmr/m/n/10 zweiten
 []


Overfull \hbox (16.38489pt too wide) in paragraph at lines 8--12
\T1/cmr/m/n/10 Teil
 []


Overfull \hbox (13.94104pt too wide) in paragraph at lines 8--12
\T1/cmr/m/n/10 des
 []


Overfull \hbox (18.35663pt too wide) in paragraph at lines 8--12
\T1/cmr/m/n/10 Ver-
 []


Overfull \hbox (23.16101pt too wide) in paragraph at lines 8--12
\T1/cmr/m/n/10 suchs
 []


Overfull \hbox (14.49646pt too wide) in paragraph at lines 8--12
\T1/cmr/m/n/10 soll
 []


Overfull \hbox (13.91327pt too wide) in paragraph at lines 8--12
\T1/cmr/m/n/10 der
 []


Overfull \hbox (56.59729pt too wide) in paragraph at lines 8--12
\T1/cmr/m/n/10 Brechungsin-
 []


Overfull \hbox (15.27405pt too wide) in paragraph at lines 8--12
\T1/cmr/m/n/10 dex
 []


Overfull \hbox (21.1615pt too wide) in paragraph at lines 8--12
\T1/cmr/m/n/10 eines
 []


Overfull \hbox (22.89719pt too wide) in paragraph at lines 8--12
\T1/cmr/m/n/10 Glas-
 []


Overfull \hbox (44.76685pt too wide) in paragraph at lines 8--12
\T1/cmr/m/n/10 plättchens
 []


Overfull \hbox (17.55127pt too wide) in paragraph at lines 8--12
\T1/cmr/m/n/10 bes-
 []


Overfull \hbox (26.93787pt too wide) in paragraph at lines 8--12
\T1/cmr/m/n/10 timmt
 []


Overfull \hbox (18.63434pt too wide) in paragraph at lines 8--12
\T1/cmr/m/n/10 wer-
 []


Overfull \hbox (18.32886pt too wide) in paragraph at lines 8--12
\T1/cmr/m/n/10 den. 
 []


Underfull \vbox (badness 10000) has occurred while \output is active []


Overfull \hbox (4.99878pt too wide) has occurred while \output is active
[]|\T1/cmr/m/sl/10 2 
 []


Overfull \hbox (97.11517pt too wide) has occurred while \output is active
\T1/cmr/m/sl/10 Versuchsdurchführung|  
 []


Overfull \hbox (9.99756pt too wide) has occurred while \output is active
[]|[]\T1/cmr/m/n/10 16[]|  
 []

[16]
Overfull \vbox (574.02802pt too high) has occurred while \output is active []


Overfull \hbox (9.99756pt too wide) has occurred while \output is active
 []|[]\T1/cmr/m/n/10 17[]|
 []

[17 <./pictures/path7.pdf>]

LaTeX Warning: Reference `fig:beugung_glas' on page 18 undefined on input line 13.


LaTeX Warning: Command \textdegree invalid in math mode on input line 13.


LaTeX Warning: Command \textdegree invalid in math mode on input line 13.

Missing character: There is no ° in font cmr10!

Overfull \hbox (27.49329pt too wide) in paragraph at lines 13--14
[]\T1/cmr/m/n/10 Wie
 []


Overfull \hbox (8.3313pt too wide) in paragraph at lines 13--14
\T1/cmr/m/n/10 in
 []


Overfull \hbox (29.60423pt too wide) in paragraph at lines 13--14
\T1/cmr/m/n/10 Fig.[]
 []


Overfull \hbox (32.76978pt too wide) in paragraph at lines 13--14
\T1/cmr/m/n/10 gezeigt,
 []


Overfull \hbox (16.69037pt too wide) in paragraph at lines 13--14
\T1/cmr/m/n/10 ver-
 []


Overfull \hbox (31.15906pt too wide) in paragraph at lines 13--14
\T1/cmr/m/n/10 gröÿert
 []


Overfull \hbox (16.44043pt too wide) in paragraph at lines 13--14
\T1/cmr/m/n/10 sich
 []


Overfull \hbox (13.91327pt too wide) in paragraph at lines 13--14
\T1/cmr/m/n/10 der
 []


Overfull \hbox (13.8855pt too wide) in paragraph at lines 13--14
\T1/cmr/m/n/10 op-
 []


Overfull \hbox (13.94104pt too wide) in paragraph at lines 13--14
\T1/cmr/m/n/10 tis-
 []


Overfull \hbox (14.16321pt too wide) in paragraph at lines 13--14
\T1/cmr/m/n/10 che
 []


Overfull \hbox (21.66138pt too wide) in paragraph at lines 13--14
\T1/cmr/m/n/10 Weg,
 []


Overfull \hbox (22.4945pt too wide) in paragraph at lines 13--14
\T1/cmr/m/n/10 wenn
 []


Overfull \hbox (13.91327pt too wide) in paragraph at lines 13--14
\T1/cmr/m/n/10 der
 []


Overfull \hbox (26.68793pt too wide) in paragraph at lines 13--14
\T1/cmr/m/n/10 Strahl
 []


Overfull \hbox (24.74396pt too wide) in paragraph at lines 13--14
\T1/cmr/m/n/10 durch
 []


Overfull \hbox (12.77466pt too wide) in paragraph at lines 13--14
\T1/cmr/m/n/10 ein
 []


Overfull \hbox (22.89719pt too wide) in paragraph at lines 13--14
\T1/cmr/m/n/10 Glas-
 []


Overfull \hbox (40.82336pt too wide) in paragraph at lines 13--14
\T1/cmr/m/n/10 plättchen
 []


Overfull \hbox (20.27283pt too wide) in paragraph at lines 13--14
\T1/cmr/m/n/10 fällt,
 []


Overfull \hbox (14.49646pt too wide) in paragraph at lines 13--14
\T1/cmr/m/n/10 das
 []


Overfull \hbox (23.0777pt too wide) in paragraph at lines 13--14
\T1/cmr/m/n/10 unter
 []


Overfull \hbox (18.32886pt too wide) in paragraph at lines 13--14
\T1/cmr/m/n/10 dem
 []


Overfull \hbox (30.8258pt too wide) in paragraph at lines 13--14
\T1/cmr/m/n/10 Winkel
 []


Overfull \hbox (10.88315pt too wide) in paragraph at lines 13--14
\OML/cmm/m/it/10 []$
 []


Overfull \hbox (8.3313pt too wide) in paragraph at lines 13--14
\T1/cmr/m/n/10 in
 []


Overfull \hbox (15.55176pt too wide) in paragraph at lines 13--14
\T1/cmr/m/n/10 den
 []


Overfull \hbox (18.88428pt too wide) in paragraph at lines 13--14
\T1/cmr/m/n/10 Weg
 []


Overfull \hbox (13.94104pt too wide) in paragraph at lines 13--14
\T1/cmr/m/n/10 des
 []


Overfull \hbox (26.29913pt too wide) in paragraph at lines 13--14
\T1/cmr/m/n/10 Lichts
 []


Overfull \hbox (25.54932pt too wide) in paragraph at lines 13--14
\T1/cmr/m/n/10 einge-
 []


Overfull \hbox (21.96686pt too wide) in paragraph at lines 13--14
\T1/cmr/m/n/10 führt
 []


Overfull \hbox (22.24457pt too wide) in paragraph at lines 13--14
\T1/cmr/m/n/10 wird.
 []


Overfull \hbox (10.88315pt too wide) in paragraph at lines 13--14
\OML/cmm/m/it/10 []$
 []


Overfull \hbox (10.60852pt too wide) in paragraph at lines 13--14
\T1/cmr/m/n/10 ist
 []


Overfull \hbox (16.69037pt too wide) in paragraph at lines 13--14
\T1/cmr/m/n/10 hier
 []


Overfull \hbox (7.77711pt too wide) in paragraph at lines 13--14
\OT1/cmr/m/n/10 0$\T1/cmr/m/n/10 ,
 []


Overfull \hbox (22.4945pt too wide) in paragraph at lines 13--14
\T1/cmr/m/n/10 wenn
 []


Overfull \hbox (14.49646pt too wide) in paragraph at lines 13--14
\T1/cmr/m/n/10 das
 []


Overfull \hbox (22.35565pt too wide) in paragraph at lines 13--14
\T1/cmr/m/n/10 Licht
 []


Overfull \hbox (40.90668pt too wide) in paragraph at lines 13--14
\T1/cmr/m/n/10 senkrecht
 []


Overfull \hbox (13.60779pt too wide) in paragraph at lines 13--14
\T1/cmr/m/n/10 auf
 []


Overfull \hbox (14.49646pt too wide) in paragraph at lines 13--14
\T1/cmr/m/n/10 das
 []


Overfull \hbox (19.56467pt too wide) in paragraph at lines 13--14
\T1/cmr/m/n/10 Glas
 []


Overfull \hbox (23.0777pt too wide) in paragraph at lines 13--14
\T1/cmr/m/n/10 trifft.
 []


Overfull \hbox (14.30206pt too wide) in paragraph at lines 13--14
\T1/cmr/m/n/10 Bei
 []


Overfull \hbox (21.13373pt too wide) in paragraph at lines 13--14
\T1/cmr/m/n/10 einer
 []


Overfull \hbox (24.02191pt too wide) in paragraph at lines 13--14
\T1/cmr/m/n/10 Dicke
 []


Overfull \hbox (4.29166pt too wide) in paragraph at lines 13--14
\OML/cmm/m/it/10 b$
 []


Overfull \hbox (13.94104pt too wide) in paragraph at lines 13--14
\T1/cmr/m/n/10 des
 []


Overfull \hbox (48.79364pt too wide) in paragraph at lines 13--14
\T1/cmr/m/n/10 Plättchens,
 []


Overfull \hbox (31.6867pt too wide) in paragraph at lines 13--14
\T1/cmr/m/n/10 berech-
 []


Overfull \hbox (13.8855pt too wide) in paragraph at lines 13--14
\T1/cmr/m/n/10 net
 []


Overfull \hbox (16.44043pt too wide) in paragraph at lines 13--14
\T1/cmr/m/n/10 sich
 []


Overfull \hbox (13.91327pt too wide) in paragraph at lines 13--14
\T1/cmr/m/n/10 der
 []


Overfull \hbox (13.8855pt too wide) in paragraph at lines 13--14
\T1/cmr/m/n/10 op-
 []


Overfull \hbox (13.94104pt too wide) in paragraph at lines 13--14
\T1/cmr/m/n/10 tis-
 []


Overfull \hbox (14.16321pt too wide) in paragraph at lines 13--14
\T1/cmr/m/n/10 che
 []


Overfull \hbox (18.88428pt too wide) in paragraph at lines 13--14
\T1/cmr/m/n/10 Weg
 []


Overfull \hbox (24.74396pt too wide) in paragraph at lines 13--14
\T1/cmr/m/n/10 durch
 []


Overfull \hbox (14.49646pt too wide) in paragraph at lines 13--14
\T1/cmr/m/n/10 das
 []


Overfull \hbox (19.56467pt too wide) in paragraph at lines 13--14
\T1/cmr/m/n/10 Glas
 []


Overfull \hbox (19.0659pt too wide) in paragraph at lines 13--14
[][]$
 []


Overfull \hbox (20.57831pt too wide) in paragraph at lines 13--14
\T1/cmr/m/n/10 (rot)
 []


Overfull \hbox (11.71936pt too wide) in paragraph at lines 13--14
\T1/cmr/m/n/10 als 
 []


Underfull \vbox (badness 10000) has occurred while \output is active []


Overfull \hbox (4.99878pt too wide) has occurred while \output is active
[]|\T1/cmr/m/sl/10 2 
 []


Overfull \hbox (97.11517pt too wide) has occurred while \output is active
\T1/cmr/m/sl/10 Versuchsdurchführung|  
 []


Overfull \hbox (9.99756pt too wide) has occurred while \output is active
[]|[]\T1/cmr/m/n/10 18[]|  
 []

[18]
Overfull \hbox (193.22261pt too wide) detected at line 16
[]
 []


Overfull \hbox (15.9961pt too wide) in paragraph at lines 16--18
\T1/cmr/m/n/10 Der
 []


Overfull \hbox (13.8855pt too wide) in paragraph at lines 16--18
\T1/cmr/m/n/10 op-
 []


Overfull \hbox (13.94104pt too wide) in paragraph at lines 16--18
\T1/cmr/m/n/10 tis-
 []


Overfull \hbox (14.16321pt too wide) in paragraph at lines 16--18
\T1/cmr/m/n/10 che
 []


Overfull \hbox (18.88428pt too wide) in paragraph at lines 16--18
\T1/cmr/m/n/10 Weg
 []


Overfull \hbox (20.55054pt too wide) in paragraph at lines 16--18
\T1/cmr/m/n/10 ohne
 []


Overfull \hbox (33.35297pt too wide) in paragraph at lines 16--18
\T1/cmr/m/n/10 vorhan-
 []


Overfull \hbox (23.9386pt too wide) in paragraph at lines 16--18
\T1/cmr/m/n/10 denes
 []


Overfull \hbox (22.89719pt too wide) in paragraph at lines 16--18
\T1/cmr/m/n/10 Glas-
 []


Overfull \hbox (40.82336pt too wide) in paragraph at lines 16--18
\T1/cmr/m/n/10 plättchen
 []


Overfull \hbox (25.57709pt too wide) in paragraph at lines 16--18
\T1/cmr/m/n/10 ergibt
 []


Overfull \hbox (16.44043pt too wide) in paragraph at lines 16--18
\T1/cmr/m/n/10 sich
 []


Overfull \hbox (56.73615pt too wide) in paragraph at lines 16--18
\T1/cmr/m/n/10 entsprechend
 []


Overfull \hbox (11.71936pt too wide) in paragraph at lines 16--18
\T1/cmr/m/n/10 als 
 []


Overfull \hbox (60.7378pt too wide) detected at line 20
[]
 []


Overfull \hbox (33.74176pt too wide) in paragraph at lines 20--22
\T1/cmr/m/n/10 Folglich
 []


Overfull \hbox (21.71692pt too wide) in paragraph at lines 20--22
\T1/cmr/m/n/10 stellt
 []


Overfull \hbox (16.44043pt too wide) in paragraph at lines 20--22
\T1/cmr/m/n/10 sich
 []


Overfull \hbox (17.21802pt too wide) in paragraph at lines 20--22
\T1/cmr/m/n/10 eine
 []


Overfull \hbox (33.6029pt too wide) in paragraph at lines 20--22
\T1/cmr/m/n/10 Wegdif-
 []


Overfull \hbox (25.8548pt too wide) in paragraph at lines 20--22
\T1/cmr/m/n/10 ferenz
 []


Overfull \hbox (12.77466pt too wide) in paragraph at lines 20--22
\T1/cmr/m/n/10 ein
 []


Overfull \hbox (15.55176pt too wide) in paragraph at lines 20--22
\T1/cmr/m/n/10 von 
 []


Overfull \hbox (235.83769pt too wide) detected at line 24
[]
 []


Overfull \hbox (30.61752pt too wide) in paragraph at lines 24--26
\T1/cmr/m/n/10 Gemäÿ
 []


Overfull \hbox (13.94104pt too wide) in paragraph at lines 24--26
\T1/cmr/m/n/10 des
 []


Overfull \hbox (21.66138pt too wide) in paragraph at lines 24--26
\T1/cmr/m/n/10 Snel-
 []


Overfull \hbox (22.32788pt too wide) in paragraph at lines 24--26
\T1/cmr/m/n/10 liuss-
 []


Overfull \hbox (19.7174pt too wide) in paragraph at lines 24--26
\T1/cmr/m/n/10 chen
 []


Overfull \hbox (48.26599pt too wide) in paragraph at lines 24--26
\T1/cmr/m/n/10 Brechungs-
 []


Overfull \hbox (12.77466pt too wide) in paragraph at lines 24--26
\T1/cmr/m/n/10 ge-
 []


Overfull \hbox (15.6073pt too wide) in paragraph at lines 24--26
\T1/cmr/m/n/10 set-
 []


Overfull \hbox (12.8302pt too wide) in paragraph at lines 24--26
\T1/cmr/m/n/10 zes
 []


Overfull \hbox (21.13373pt too wide) in paragraph at lines 24--26
\T1/cmr/m/n/10 vere-
 []


Overfull \hbox (11.66382pt too wide) in paragraph at lines 24--26
\T1/cmr/m/n/10 in-
 []


Overfull \hbox (21.38367pt too wide) in paragraph at lines 24--26
\T1/cmr/m/n/10 facht
 []


Overfull \hbox (16.44043pt too wide) in paragraph at lines 24--26
\T1/cmr/m/n/10 sich
 []


Overfull \hbox (16.71814pt too wide) in paragraph at lines 24--26
\T1/cmr/m/n/10 dies
 []


Overfull \hbox (9.99756pt too wide) in paragraph at lines 24--26
\T1/cmr/m/n/10 zu 
 []


Overfull \hbox (216.94353pt too wide) detected at line 30
[]
 []


Underfull \vbox (badness 3229) has occurred while \output is active []


Overfull \hbox (9.99756pt too wide) has occurred while \output is active
 []|[]\T1/cmr/m/n/10 19[]|
 []

[19]
Overfull \hbox (23.24432pt too wide) in paragraph at lines 30--33
\T1/cmr/m/n/10 Diese
 []


Overfull \hbox (18.39828pt too wide) in paragraph at lines 30--33
\T1/cmr/m/n/10 Gle-
 []


Overfull \hbox (28.32642pt too wide) in paragraph at lines 30--33
\T1/cmr/m/n/10 ichung
 []


Overfull \hbox (14.44092pt too wide) in paragraph at lines 30--33
\T1/cmr/m/n/10 gilt
 []


Overfull \hbox (12.52472pt too wide) in paragraph at lines 30--33
\T1/cmr/m/n/10 für
 []


Overfull \hbox (15.55176pt too wide) in paragraph at lines 30--33
\T1/cmr/m/n/10 den
 []


Overfull \hbox (29.46503pt too wide) in paragraph at lines 30--33
\T1/cmr/m/n/10 Strahl,
 []


Overfull \hbox (13.91327pt too wide) in paragraph at lines 30--33
\T1/cmr/m/n/10 der
 []


Overfull \hbox (14.49646pt too wide) in paragraph at lines 30--33
\T1/cmr/m/n/10 das
 []


Overfull \hbox (19.4397pt too wide) in paragraph at lines 30--33
\T1/cmr/m/n/10 Zen-
 []


Overfull \hbox (21.68915pt too wide) in paragraph at lines 30--33
\T1/cmr/m/n/10 trum
 []


Overfull \hbox (13.94104pt too wide) in paragraph at lines 30--33
\T1/cmr/m/n/10 des
 []


Overfull \hbox (12.49695pt too wide) in paragraph at lines 30--33
\T1/cmr/m/n/10 In-
 []


Overfull \hbox (15.57953pt too wide) in paragraph at lines 30--33
\T1/cmr/m/n/10 ter-
 []


Overfull \hbox (29.18732pt too wide) in paragraph at lines 30--33
\T1/cmr/m/n/10 ferenz-
 []


Overfull \hbox (33.74176pt too wide) in paragraph at lines 30--33
\T1/cmr/m/n/10 musters
 []


Overfull \hbox (23.0777pt too wide) in paragraph at lines 30--33
\T1/cmr/m/n/10 trifft,
 []


Overfull \hbox (16.6626pt too wide) in paragraph at lines 30--33
\T1/cmr/m/n/10 und
 []


Overfull \hbox (24.9939pt too wide) in paragraph at lines 30--33
\T1/cmr/m/n/10 bleibt
 []


Overfull \hbox (17.21802pt too wide) in paragraph at lines 30--33
\T1/cmr/m/n/10 eine
 []


Overfull \hbox (18.88428pt too wide) in paragraph at lines 30--33
\T1/cmr/m/n/10 gute
 []


Overfull \hbox (45.2945pt too wide) in paragraph at lines 30--33
\T1/cmr/m/n/10 Näherung,
 []


Overfull \hbox (22.4945pt too wide) in paragraph at lines 30--33
\T1/cmr/m/n/10 wenn
 []


Overfull \hbox (18.88428pt too wide) in paragraph at lines 30--33
\T1/cmr/m/n/10 man
 []


Overfull \hbox (16.44043pt too wide) in paragraph at lines 30--33
\T1/cmr/m/n/10 sich
 []


Overfull \hbox (21.66138pt too wide) in paragraph at lines 30--33
\T1/cmr/m/n/10 nicht
 []


Overfull \hbox (18.05115pt too wide) in paragraph at lines 30--33
\T1/cmr/m/n/10 weit
 []


Overfull \hbox (25.82703pt too wide) in paragraph at lines 30--33
\T1/cmr/m/n/10 davon
 []


Overfull \hbox (16.9403pt too wide) in paragraph at lines 30--33
\T1/cmr/m/n/10 ent-
 []


Overfull \hbox (23.35541pt too wide) in paragraph at lines 30--33
\T1/cmr/m/n/10 fernt.
 []


Overfull \hbox (11.94153pt too wide) in paragraph at lines 30--33
\T1/cmr/m/n/10 Im
 []


Overfull \hbox (18.35663pt too wide) in paragraph at lines 30--33
\T1/cmr/m/n/10 Ver-
 []


Overfull \hbox (19.21753pt too wide) in paragraph at lines 30--33
\T1/cmr/m/n/10 such
 []


Overfull \hbox (19.46747pt too wide) in paragraph at lines 30--33
\T1/cmr/m/n/10 wird
 []


Overfull \hbox (18.32886pt too wide) in paragraph at lines 30--33
\T1/cmr/m/n/10 mit-
 []


Overfull \hbox (15.05188pt too wide) in paragraph at lines 30--33
\T1/cmr/m/n/10 tels
 []


Overfull \hbox (21.13373pt too wide) in paragraph at lines 30--33
\T1/cmr/m/n/10 einer
 []


Overfull \hbox (20.68939pt too wide) in paragraph at lines 30--33
\T1/cmr/m/n/10 Pho-
 []


Overfull \hbox (12.21924pt too wide) in paragraph at lines 30--33
\T1/cmr/m/n/10 to-
 []


Overfull \hbox (11.66382pt too wide) in paragraph at lines 30--33
\T1/cmr/m/n/10 di-
 []


Overfull \hbox (15.27405pt too wide) in paragraph at lines 30--33
\T1/cmr/m/n/10 ode
 []


Overfull \hbox (12.77466pt too wide) in paragraph at lines 30--33
\T1/cmr/m/n/10 die
 []


Overfull \hbox (12.49695pt too wide) in paragraph at lines 30--33
\T1/cmr/m/n/10 In-
 []


Overfull \hbox (17.21802pt too wide) in paragraph at lines 30--33
\T1/cmr/m/n/10 ten-
 []


Overfull \hbox (19.49524pt too wide) in paragraph at lines 30--33
\T1/cmr/m/n/10 sität
 []


Overfull \hbox (10.55298pt too wide) in paragraph at lines 30--33
\T1/cmr/m/n/10 an
 []


Overfull \hbox (21.13373pt too wide) in paragraph at lines 30--33
\T1/cmr/m/n/10 einer
 []


Overfull \hbox (23.88306pt too wide) in paragraph at lines 30--33
\T1/cmr/m/n/10 Stelle
 []


Overfull \hbox (13.60779pt too wide) in paragraph at lines 30--33
\T1/cmr/m/n/10 auf
 []


Overfull \hbox (18.32886pt too wide) in paragraph at lines 30--33
\T1/cmr/m/n/10 dem
 []


Overfull \hbox (30.29816pt too wide) in paragraph at lines 30--33
\T1/cmr/m/n/10 Schirm
 []


Overfull \hbox (42.87842pt too wide) in paragraph at lines 30--33
\T1/cmr/m/n/10 gemessen.
 []


Overfull \hbox (24.9939pt too wide) in paragraph at lines 30--33
\T1/cmr/m/n/10 Wenn
 []


Overfull \hbox (16.38489pt too wide) in paragraph at lines 30--33
\T1/cmr/m/n/10 nun
 []


Overfull \hbox (13.91327pt too wide) in paragraph at lines 30--33
\T1/cmr/m/n/10 der
 []


Overfull \hbox (33.6029pt too wide) in paragraph at lines 30--33
\T1/cmr/m/n/10 Winkel,
 []


Overfull \hbox (23.0777pt too wide) in paragraph at lines 30--33
\T1/cmr/m/n/10 unter
 []


Overfull \hbox (18.32886pt too wide) in paragraph at lines 30--33
\T1/cmr/m/n/10 dem
 []


Overfull \hbox (14.49646pt too wide) in paragraph at lines 30--33
\T1/cmr/m/n/10 das
 []


Overfull \hbox (22.89719pt too wide) in paragraph at lines 30--33
\T1/cmr/m/n/10 Glas-
 []


Overfull \hbox (40.82336pt too wide) in paragraph at lines 30--33
\T1/cmr/m/n/10 plättchen
 []


Overfull \hbox (8.3313pt too wide) in paragraph at lines 30--33
\T1/cmr/m/n/10 in
 []


Overfull \hbox (15.55176pt too wide) in paragraph at lines 30--33
\T1/cmr/m/n/10 den
 []


Overfull \hbox (40.018pt too wide) in paragraph at lines 30--33
\T1/cmr/m/n/10 Strahlen-
 []


Overfull \hbox (20.55054pt too wide) in paragraph at lines 30--33
\T1/cmr/m/n/10 gang
 []


Overfull \hbox (25.54932pt too wide) in paragraph at lines 30--33
\T1/cmr/m/n/10 einge-
 []


Overfull \hbox (21.96686pt too wide) in paragraph at lines 30--33
\T1/cmr/m/n/10 führt
 []


Overfull \hbox (22.24457pt too wide) in paragraph at lines 30--33
\T1/cmr/m/n/10 wird,
 []


Overfull \hbox (27.24335pt too wide) in paragraph at lines 30--33
\T1/cmr/m/n/10 verän-
 []


Overfull \hbox (17.80121pt too wide) in paragraph at lines 30--33
\T1/cmr/m/n/10 dert
 []


Overfull \hbox (22.24457pt too wide) in paragraph at lines 30--33
\T1/cmr/m/n/10 wird,
 []


Overfull \hbox (13.8855pt too wide) in paragraph at lines 30--33
\T1/cmr/m/n/10 än-
 []


Overfull \hbox (17.80121pt too wide) in paragraph at lines 30--33
\T1/cmr/m/n/10 dert
 []


Overfull \hbox (16.44043pt too wide) in paragraph at lines 30--33
\T1/cmr/m/n/10 sich
 []


Overfull \hbox (12.77466pt too wide) in paragraph at lines 30--33
\T1/cmr/m/n/10 die
 []


Overfull \hbox (12.49695pt too wide) in paragraph at lines 30--33
\T1/cmr/m/n/10 In-
 []


Overfull \hbox (17.21802pt too wide) in paragraph at lines 30--33
\T1/cmr/m/n/10 ten-
 []


Overfull \hbox (22.27234pt too wide) in paragraph at lines 30--33
\T1/cmr/m/n/10 sität.
 []


Overfull \hbox (15.82947pt too wide) in paragraph at lines 30--33
\T1/cmr/m/n/10 Mit
 []


Overfull \hbox (20.55054pt too wide) in paragraph at lines 30--33
\T1/cmr/m/n/10 Hilfe
 []


Overfull \hbox (15.55176pt too wide) in paragraph at lines 30--33
\T1/cmr/m/n/10 von
 []


Overfull \hbox (25.38269pt too wide) in paragraph at lines 30--33
\T1/cmr/m/n/10 Cassy
 []


Overfull \hbox (18.63434pt too wide) in paragraph at lines 30--33
\T1/cmr/m/n/10 wer-
 []


Overfull \hbox (15.55176pt too wide) in paragraph at lines 30--33
\T1/cmr/m/n/10 den
 []


Overfull \hbox (15.55176pt too wide) in paragraph at lines 30--33
\T1/cmr/m/n/10 gle-
 []


Overfull \hbox (35.82458pt too wide) in paragraph at lines 30--33
\T1/cmr/m/n/10 ichzeitig
 []


Overfull \hbox (30.8258pt too wide) in paragraph at lines 30--33
\T1/cmr/m/n/10 Winkel
 []


Overfull \hbox (16.6626pt too wide) in paragraph at lines 30--33
\T1/cmr/m/n/10 und
 []


Overfull \hbox (12.49695pt too wide) in paragraph at lines 30--33
\T1/cmr/m/n/10 In-
 []


Overfull \hbox (17.21802pt too wide) in paragraph at lines 30--33
\T1/cmr/m/n/10 ten-
 []


Overfull \hbox (19.49524pt too wide) in paragraph at lines 30--33
\T1/cmr/m/n/10 sität
 []


Overfull \hbox (42.87842pt too wide) in paragraph at lines 30--33
\T1/cmr/m/n/10 gemessen.
 []


Overfull \hbox (21.68915pt too wide) in paragraph at lines 30--33
\T1/cmr/m/n/10 Über
 []


Overfull \hbox (17.21802pt too wide) in paragraph at lines 30--33
\T1/cmr/m/n/10 eine
 []


Overfull \hbox (16.38489pt too wide) in paragraph at lines 30--33
\T1/cmr/m/n/10 An-
 []


Overfull \hbox (17.82898pt too wide) in paragraph at lines 30--33
\T1/cmr/m/n/10 pas-
 []


Overfull \hbox (20.05066pt too wide) in paragraph at lines 30--33
\T1/cmr/m/n/10 sung
 []


Overfull \hbox (13.94104pt too wide) in paragraph at lines 30--33
\T1/cmr/m/n/10 des
 []


Overfull \hbox (12.49695pt too wide) in paragraph at lines 30--33
\T1/cmr/m/n/10 In-
 []


Overfull \hbox (17.21802pt too wide) in paragraph at lines 30--33
\T1/cmr/m/n/10 ten-
 []


Overfull \hbox (40.12909pt too wide) in paragraph at lines 30--33
\T1/cmr/m/n/10 sitätsver-
 []


Overfull \hbox (20.32837pt too wide) in paragraph at lines 30--33
\T1/cmr/m/n/10 laufs
 []


Overfull \hbox (10.55298pt too wide) in paragraph at lines 30--33
\T1/cmr/m/n/10 an
 []


Overfull \hbox (15.55176pt too wide) in paragraph at lines 30--33
\T1/cmr/m/n/10 den
 []


Overfull \hbox (17.21802pt too wide) in paragraph at lines 30--33
\T1/cmr/m/n/10 the-
 []


Overfull \hbox (8.3313pt too wide) in paragraph at lines 30--33
\T1/cmr/m/n/10 o-
 []


Overfull \hbox (22.30011pt too wide) in paragraph at lines 30--33
\T1/cmr/m/n/10 retis-
 []


Overfull \hbox (19.7174pt too wide) in paragraph at lines 30--33
\T1/cmr/m/n/10 chen
 []


Overfull \hbox (32.2699pt too wide) in paragraph at lines 30--33
\T1/cmr/m/n/10 Zusam-
 []


Overfull \hbox (21.66138pt too wide) in paragraph at lines 30--33
\T1/cmr/m/n/10 men-
 []


Overfull \hbox (21.10596pt too wide) in paragraph at lines 30--33
\T1/cmr/m/n/10 hang
 []


Overfull \hbox (14.49646pt too wide) in paragraph at lines 30--33
\T1/cmr/m/n/10 aus
 []


Overfull \hbox (20.82825pt too wide) in paragraph at lines 30--33
\T1/cmr/m/n/10 kann
 []


Overfull \hbox (28.93738pt too wide) in paragraph at lines 30--33
\T1/cmr/m/n/10 sowohl
 []


Overfull \hbox (12.77466pt too wide) in paragraph at lines 30--33
\T1/cmr/m/n/10 die
 []


Overfull \hbox (24.02191pt too wide) in paragraph at lines 30--33
\T1/cmr/m/n/10 Dicke
 []


Overfull \hbox (11.71936pt too wide) in paragraph at lines 30--33
\T1/cmr/m/n/10 als
 []


Overfull \hbox (20.27283pt too wide) in paragraph at lines 30--33
\T1/cmr/m/n/10 auch
 []


Overfull \hbox (13.91327pt too wide) in paragraph at lines 30--33
\T1/cmr/m/n/10 der
 []


Overfull \hbox (56.59729pt too wide) in paragraph at lines 30--33
\T1/cmr/m/n/10 Brechungsin-
 []


Overfull \hbox (15.27405pt too wide) in paragraph at lines 30--33
\T1/cmr/m/n/10 dex
 []


Overfull \hbox (13.94104pt too wide) in paragraph at lines 30--33
\T1/cmr/m/n/10 des
 []


Overfull \hbox (46.01654pt too wide) in paragraph at lines 30--33
\T1/cmr/m/n/10 Plättchens
 []


Overfull \hbox (17.55127pt too wide) in paragraph at lines 30--33
\T1/cmr/m/n/10 bes-
 []


Overfull \hbox (26.93787pt too wide) in paragraph at lines 30--33
\T1/cmr/m/n/10 timmt
 []


Overfull \hbox (18.63434pt too wide) in paragraph at lines 30--33
\T1/cmr/m/n/10 wer-
 []


Overfull \hbox (18.32886pt too wide) in paragraph at lines 30--33
\T1/cmr/m/n/10 den. 
 []


Overfull \hbox (4.99878pt too wide) has occurred while \output is active
[]|\T1/cmr/m/sl/10 2 
 []


Overfull \hbox (97.11517pt too wide) has occurred while \output is active
\T1/cmr/m/sl/10 Versuchsdurchführung|  
 []


Overfull \hbox (9.99756pt too wide) has occurred while \output is active
[]|[]\T1/cmr/m/n/10 20[]|  
 []

[20]
Underfull \vbox (badness 10000) has occurred while \output is active []


Overfull \hbox (9.99756pt too wide) has occurred while \output is active
 []|[]\T1/cmr/m/n/10 21[]|
 []

[21]
Overfull \hbox (24.21631pt too wide) in paragraph at lines 34--35
[]\T1/cmr/m/n/10 Als
 []


Overfull \hbox (19.46747pt too wide) in paragraph at lines 34--35
\T1/cmr/m/n/10 drit-
 []


Overfull \hbox (13.8855pt too wide) in paragraph at lines 34--35
\T1/cmr/m/n/10 ten
 []


Overfull \hbox (16.38489pt too wide) in paragraph at lines 34--35
\T1/cmr/m/n/10 Teil
 []


Overfull \hbox (13.94104pt too wide) in paragraph at lines 34--35
\T1/cmr/m/n/10 des
 []


Overfull \hbox (18.35663pt too wide) in paragraph at lines 34--35
\T1/cmr/m/n/10 Ver-
 []


Overfull \hbox (23.16101pt too wide) in paragraph at lines 34--35
\T1/cmr/m/n/10 suchs
 []


Overfull \hbox (22.82776pt too wide) in paragraph at lines 34--35
\T1/cmr/m/n/10 sollte
 []


Overfull \hbox (13.91327pt too wide) in paragraph at lines 34--35
\T1/cmr/m/n/10 der
 []


Overfull \hbox (56.59729pt too wide) in paragraph at lines 34--35
\T1/cmr/m/n/10 Brechungsin-
 []


Overfull \hbox (15.27405pt too wide) in paragraph at lines 34--35
\T1/cmr/m/n/10 dex
 []


Overfull \hbox (15.55176pt too wide) in paragraph at lines 34--35
\T1/cmr/m/n/10 von
 []


Overfull \hbox (18.74542pt too wide) in paragraph at lines 34--35
\T1/cmr/m/n/10 Luft
 []


Overfull \hbox (31.6867pt too wide) in paragraph at lines 34--35
\T1/cmr/m/n/10 berech-
 []


Overfull \hbox (13.8855pt too wide) in paragraph at lines 34--35
\T1/cmr/m/n/10 net
 []


Overfull \hbox (18.63434pt too wide) in paragraph at lines 34--35
\T1/cmr/m/n/10 wer-
 []


Overfull \hbox (18.32886pt too wide) in paragraph at lines 34--35
\T1/cmr/m/n/10 den.
 []


Overfull \hbox (22.63336pt too wide) in paragraph at lines 34--35
\T1/cmr/m/n/10 Dazu
 []


Overfull \hbox (19.46747pt too wide) in paragraph at lines 34--35
\T1/cmr/m/n/10 wird
 []


Overfull \hbox (17.21802pt too wide) in paragraph at lines 34--35
\T1/cmr/m/n/10 eine
 []


Overfull \hbox (35.67184pt too wide) in paragraph at lines 34--35
\T1/cmr/m/n/10 Gaszelle
 []


Overfull \hbox (13.91327pt too wide) in paragraph at lines 34--35
\T1/cmr/m/n/10 der
 []


Overfull \hbox (26.24359pt too wide) in paragraph at lines 34--35
\T1/cmr/m/n/10 Länge
 []


Overfull \hbox (17.77783pt too wide) in paragraph at lines 34--35
\OT1/cmr/m/n/10 10 \OMS/cmsy/m/n/10 ^^F
 []


Overfull \hbox (27.2191pt too wide) in paragraph at lines 34--35
\OT1/cmr/m/n/10 0\OML/cmm/m/it/10 :\OT1/cmr/m/n/10 1 $\T1/cmr/m/n/10 cm
 []


Overfull \hbox (8.3313pt too wide) in paragraph at lines 34--35
\T1/cmr/m/n/10 in
 []


Overfull \hbox (22.77222pt too wide) in paragraph at lines 34--35
\T1/cmr/m/n/10 einen
 []


Overfull \hbox (13.91327pt too wide) in paragraph at lines 34--35
\T1/cmr/m/n/10 der
 []


Overfull \hbox (61.67938pt too wide) in paragraph at lines 34--35
\T1/cmr/m/n/10 Strahlengänge
 []


Overfull \hbox (25.54932pt too wide) in paragraph at lines 34--35
\T1/cmr/m/n/10 einge-
 []


Overfull \hbox (30.57587pt too wide) in paragraph at lines 34--35
\T1/cmr/m/n/10 bracht.
 []


Overfull \hbox (15.9961pt too wide) in paragraph at lines 34--35
\T1/cmr/m/n/10 Der
 []


Overfull \hbox (26.54907pt too wide) in paragraph at lines 34--35
\T1/cmr/m/n/10 Druck
 []


Overfull \hbox (5.03125pt too wide) in paragraph at lines 34--35
\OML/cmm/m/it/10 p$
 []


Overfull \hbox (8.3313pt too wide) in paragraph at lines 34--35
\T1/cmr/m/n/10 in
 []


Overfull \hbox (13.91327pt too wide) in paragraph at lines 34--35
\T1/cmr/m/n/10 der
 []


Overfull \hbox (35.67184pt too wide) in paragraph at lines 34--35
\T1/cmr/m/n/10 Gaszelle
 []


Overfull \hbox (19.46747pt too wide) in paragraph at lines 34--35
\T1/cmr/m/n/10 wird
 []


Overfull \hbox (24.74396pt too wide) in paragraph at lines 34--35
\T1/cmr/m/n/10 durch
 []


Overfull \hbox (17.21802pt too wide) in paragraph at lines 34--35
\T1/cmr/m/n/10 eine
 []


Overfull \hbox (25.82703pt too wide) in paragraph at lines 34--35
\T1/cmr/m/n/10 Vaku-
 []


Overfull \hbox (43.60046pt too wide) in paragraph at lines 34--35
\T1/cmr/m/n/10 umpumpe
 []


Overfull \hbox (16.71814pt too wide) in paragraph at lines 34--35
\T1/cmr/m/n/10 ges-
 []


Overfull \hbox (28.9096pt too wide) in paragraph at lines 34--35
\T1/cmr/m/n/10 teuert.
 []


Overfull \hbox (15.9961pt too wide) in paragraph at lines 34--35
\T1/cmr/m/n/10 Der
 []


Overfull \hbox (17.21802pt too wide) in paragraph at lines 34--35
\T1/cmr/m/n/10 We-
 []


Overfull \hbox (19.4397pt too wide) in paragraph at lines 34--35
\T1/cmr/m/n/10 gun-
 []


Overfull \hbox (15.57953pt too wide) in paragraph at lines 34--35
\T1/cmr/m/n/10 ter-
 []


Overfull \hbox (26.43799pt too wide) in paragraph at lines 34--35
\T1/cmr/m/n/10 schied
 []


Overfull \hbox (25.57709pt too wide) in paragraph at lines 34--35
\T1/cmr/m/n/10 ergibt
 []


Overfull \hbox (16.44043pt too wide) in paragraph at lines 34--35
\T1/cmr/m/n/10 sich
 []


Overfull \hbox (18.88428pt too wide) in paragraph at lines 34--35
\T1/cmr/m/n/10 ana-
 []


Overfull \hbox (12.77466pt too wide) in paragraph at lines 34--35
\T1/cmr/m/n/10 log
 []


Overfull \hbox (18.32886pt too wide) in paragraph at lines 34--35
\T1/cmr/m/n/10 zum
 []


Overfull \hbox (33.93616pt too wide) in paragraph at lines 34--35
\T1/cmr/m/n/10 vorheri-
 []


Overfull \hbox (14.99634pt too wide) in paragraph at lines 34--35
\T1/cmr/m/n/10 gen
 []


Overfull \hbox (19.4397pt too wide) in paragraph at lines 34--35
\T1/cmr/m/n/10 Auf-
 []


Overfull \hbox (16.10718pt too wide) in paragraph at lines 34--35
\T1/cmr/m/n/10 bau
 []


Overfull \hbox (14.99634pt too wide) in paragraph at lines 34--35
\T1/cmr/m/n/10 mit
 []


Overfull \hbox (18.32886pt too wide) in paragraph at lines 34--35
\T1/cmr/m/n/10 dem
 []


Overfull \hbox (22.89719pt too wide) in paragraph at lines 34--35
\T1/cmr/m/n/10 Glas-
 []


Overfull \hbox (43.60046pt too wide) in paragraph at lines 34--35
\T1/cmr/m/n/10 plättchen,
 []


Overfull \hbox (23.0777pt too wide) in paragraph at lines 34--35
\T1/cmr/m/n/10 unter
 []


Overfull \hbox (33.76953pt too wide) in paragraph at lines 34--35
\T1/cmr/m/n/10 Berück-
 []


Overfull \hbox (19.77295pt too wide) in paragraph at lines 34--35
\T1/cmr/m/n/10 sich-
 []


Overfull \hbox (9.99756pt too wide) in paragraph at lines 34--35
\T1/cmr/m/n/10 ti-
 []


Overfull \hbox (23.88306pt too wide) in paragraph at lines 34--35
\T1/cmr/m/n/10 gung,
 []


Overfull \hbox (18.43994pt too wide) in paragraph at lines 34--35
\T1/cmr/m/n/10 dass
 []


Overfull \hbox (12.77466pt too wide) in paragraph at lines 34--35
\T1/cmr/m/n/10 die
 []


Overfull \hbox (35.67184pt too wide) in paragraph at lines 34--35
\T1/cmr/m/n/10 Gaszelle
 []


Overfull \hbox (17.80121pt too wide) in paragraph at lines 34--35
\T1/cmr/m/n/10 hor-
 []


Overfull \hbox (6.10962pt too wide) in paragraph at lines 34--35
\T1/cmr/m/n/10 i-
 []


Overfull \hbox (18.32886pt too wide) in paragraph at lines 34--35
\T1/cmr/m/n/10 zon-
 []


Overfull \hbox (11.66382pt too wide) in paragraph at lines 34--35
\T1/cmr/m/n/10 tal
 []


Overfull \hbox (8.3313pt too wide) in paragraph at lines 34--35
\T1/cmr/m/n/10 in
 []


Overfull \hbox (15.55176pt too wide) in paragraph at lines 34--35
\T1/cmr/m/n/10 den
 []


Overfull \hbox (40.018pt too wide) in paragraph at lines 34--35
\T1/cmr/m/n/10 Strahlen-
 []


Overfull \hbox (20.55054pt too wide) in paragraph at lines 34--35
\T1/cmr/m/n/10 gang
 []


Overfull \hbox (31.409pt too wide) in paragraph at lines 34--35
\T1/cmr/m/n/10 geführt
 []


Overfull \hbox (22.24457pt too wide) in paragraph at lines 34--35
\T1/cmr/m/n/10 wird.
 []


Overfull \hbox (15.96832pt too wide) in paragraph at lines 34--35
\T1/cmr/m/n/10 Da-
 []


Overfull \hbox (18.41217pt too wide) in paragraph at lines 34--35
\T1/cmr/m/n/10 raus
 []


Overfull \hbox (25.57709pt too wide) in paragraph at lines 34--35
\T1/cmr/m/n/10 ergibt
 []


Overfull \hbox (16.44043pt too wide) in paragraph at lines 34--35
\T1/cmr/m/n/10 sich
 []


Overfull \hbox (12.77466pt too wide) in paragraph at lines 34--35
\T1/cmr/m/n/10 ein
 []


Overfull \hbox (13.8855pt too wide) in paragraph at lines 34--35
\T1/cmr/m/n/10 op-
 []


Overfull \hbox (13.94104pt too wide) in paragraph at lines 34--35
\T1/cmr/m/n/10 tis-
 []


Overfull \hbox (18.07892pt too wide) in paragraph at lines 34--35
\T1/cmr/m/n/10 cher
 []


Overfull \hbox (17.21802pt too wide) in paragraph at lines 34--35
\T1/cmr/m/n/10 We-
 []


Overfull \hbox (19.4397pt too wide) in paragraph at lines 34--35
\T1/cmr/m/n/10 gun-
 []


Overfull \hbox (15.57953pt too wide) in paragraph at lines 34--35
\T1/cmr/m/n/10 ter-
 []


Overfull \hbox (26.43799pt too wide) in paragraph at lines 34--35
\T1/cmr/m/n/10 schied
 []


Overfull \hbox (15.55176pt too wide) in paragraph at lines 34--35
\T1/cmr/m/n/10 von 
 []


Overfull \hbox (4.99878pt too wide) has occurred while \output is active
[]|\T1/cmr/m/sl/10 2 
 []


Overfull \hbox (97.11517pt too wide) has occurred while \output is active
\T1/cmr/m/sl/10 Versuchsdurchführung|  
 []


Overfull \hbox (9.99756pt too wide) has occurred while \output is active
[]|[]\T1/cmr/m/n/10 22[]|  
 []

[22]
Underfull \vbox (badness 10000) has occurred while \output is active []


Overfull \hbox (9.99756pt too wide) has occurred while \output is active
 []|[]\T1/cmr/m/n/10 23[]|
 []

[23]
Overfull \hbox (95.99059pt too wide) detected at line 37
[]
 []

) (./chapters/Auswertung.tex
Overfull \hbox (12.6358pt too wide) in paragraph at lines 37--1
\T1/cmr/m/n/10 Da
 []


Overfull \hbox (11.1084pt too wide) in paragraph at lines 37--1
\T1/cmr/m/n/10 im
 []


Overfull \hbox (24.3274pt too wide) in paragraph at lines 37--1
\T1/cmr/m/n/10 Prak-
 []


Overfull \hbox (25.82703pt too wide) in paragraph at lines 37--1
\T1/cmr/m/n/10 tikum
 []


Overfull \hbox (22.2168pt too wide) in paragraph at lines 37--1
\T1/cmr/m/n/10 keine
 []


Overfull \hbox (17.21802pt too wide) in paragraph at lines 37--1
\T1/cmr/m/n/10 Zeit
 []


Overfull \hbox (15.85724pt too wide) in paragraph at lines 37--1
\T1/cmr/m/n/10 war
 []


Overfull \hbox (26.7157pt too wide) in paragraph at lines 37--1
\T1/cmr/m/n/10 diesen
 []


Overfull \hbox (18.35663pt too wide) in paragraph at lines 37--1
\T1/cmr/m/n/10 Ver-
 []


Overfull \hbox (19.21753pt too wide) in paragraph at lines 37--1
\T1/cmr/m/n/10 such
 []


Overfull \hbox (65.5951pt too wide) in paragraph at lines 37--1
\T1/cmr/m/n/10 durchzuführen,
 []


Overfull \hbox (11.69159pt too wide) in paragraph at lines 37--1
\T1/cmr/m/n/10 er-
 []


Overfull \hbox (18.88428pt too wide) in paragraph at lines 37--1
\T1/cmr/m/n/10 hiel-
 []


Overfull \hbox (13.8855pt too wide) in paragraph at lines 37--1
\T1/cmr/m/n/10 ten
 []


Overfull \hbox (13.91327pt too wide) in paragraph at lines 37--1
\T1/cmr/m/n/10 wir
 []


Overfull \hbox (24.82727pt too wide) in paragraph at lines 37--1
\T1/cmr/m/n/10 Mess-
 []


Overfull \hbox (24.43848pt too wide) in paragraph at lines 37--1
\T1/cmr/m/n/10 daten
 []


Overfull \hbox (15.55176pt too wide) in paragraph at lines 37--1
\T1/cmr/m/n/10 von
 []


Overfull \hbox (14.44092pt too wide) in paragraph at lines 37--1
\T1/cmr/m/n/10 un-
 []


Overfull \hbox (25.07721pt too wide) in paragraph at lines 37--1
\T1/cmr/m/n/10 serem
 []


Overfull \hbox (14.85748pt too wide) in paragraph at lines 37--1
\T1/cmr/m/n/10 Be-
 []


Overfull \hbox (28.93738pt too wide) in paragraph at lines 37--1
\T1/cmr/m/n/10 treuer.
 []


Overfull \hbox (10.74738pt too wide) in paragraph at lines 37--1
\T1/cmr/m/n/10 Es
 []


Overfull \hbox (19.46747pt too wide) in paragraph at lines 37--1
\T1/cmr/m/n/10 wird
 []


Overfull \hbox (11.69159pt too wide) in paragraph at lines 37--1
\T1/cmr/m/n/10 er-
 []


Overfull \hbox (30.85358pt too wide) in paragraph at lines 37--1
\T1/cmr/m/n/10 wartet,
 []


Overfull \hbox (18.43994pt too wide) in paragraph at lines 37--1
\T1/cmr/m/n/10 dass
 []


Overfull \hbox (16.44043pt too wide) in paragraph at lines 37--1
\T1/cmr/m/n/10 sich
 []


Overfull \hbox (13.91327pt too wide) in paragraph at lines 37--1
\T1/cmr/m/n/10 der
 []


Overfull \hbox (56.59729pt too wide) in paragraph at lines 37--1
\T1/cmr/m/n/10 Brechungsin-
 []


Overfull \hbox (15.27405pt too wide) in paragraph at lines 37--1
\T1/cmr/m/n/10 dex
 []


Overfull \hbox (14.44092pt too wide) in paragraph at lines 37--1
\T1/cmr/m/n/10 lin-
 []


Overfull \hbox (13.35785pt too wide) in paragraph at lines 37--1
\T1/cmr/m/n/10 ear
 []


Overfull \hbox (14.99634pt too wide) in paragraph at lines 37--1
\T1/cmr/m/n/10 mit
 []


Overfull \hbox (18.32886pt too wide) in paragraph at lines 37--1
\T1/cmr/m/n/10 dem
 []


Overfull \hbox (26.54907pt too wide) in paragraph at lines 37--1
\T1/cmr/m/n/10 Druck
 []


Overfull \hbox (13.8855pt too wide) in paragraph at lines 37--1
\T1/cmr/m/n/10 än-
 []


Overfull \hbox (20.57831pt too wide) in paragraph at lines 37--1
\T1/cmr/m/n/10 dert.
 []


Overfull \hbox (18.80096pt too wide) in paragraph at lines 37--1
\T1/cmr/m/n/10 Dies
 []


Overfull \hbox (21.49475pt too wide) in paragraph at lines 37--1
\T1/cmr/m/n/10 muss
 []


Overfull \hbox (11.1084pt too wide) in paragraph at lines 37--1
\T1/cmr/m/n/10 im
 []


Overfull \hbox (15.4129pt too wide) in paragraph at lines 37--1
\T1/cmr/m/n/10 Ex-
 []


Overfull \hbox (17.5235pt too wide) in paragraph at lines 37--1
\T1/cmr/m/n/10 per-
 []


Overfull \hbox (6.10962pt too wide) in paragraph at lines 37--1
\T1/cmr/m/n/10 i-
 []


Overfull \hbox (21.93909pt too wide) in paragraph at lines 37--1
\T1/cmr/m/n/10 ment
 []


Overfull \hbox (23.0777pt too wide) in paragraph at lines 37--1
\T1/cmr/m/n/10 über-
 []


Overfull \hbox (21.96686pt too wide) in paragraph at lines 37--1
\T1/cmr/m/n/10 prüft
 []


Overfull \hbox (18.63434pt too wide) in paragraph at lines 37--1
\T1/cmr/m/n/10 wer-
 []


Overfull \hbox (18.32886pt too wide) in paragraph at lines 37--1
\T1/cmr/m/n/10 den.
 []


Overfull \hbox (26.82678pt too wide) in paragraph at lines 37--1
\T1/cmr/m/n/10 Durch
 []


Overfull \hbox (15.4129pt too wide) in paragraph at lines 37--1
\T1/cmr/m/n/10 Ex-
 []


Overfull \hbox (21.68915pt too wide) in paragraph at lines 37--1
\T1/cmr/m/n/10 trap-
 []


Overfull \hbox (8.3313pt too wide) in paragraph at lines 37--1
\T1/cmr/m/n/10 o-
 []


Overfull \hbox (11.1084pt too wide) in paragraph at lines 37--1
\T1/cmr/m/n/10 la-
 []


Overfull \hbox (17.21802pt too wide) in paragraph at lines 37--1
\T1/cmr/m/n/10 tion
 []


Overfull \hbox (20.82825pt too wide) in paragraph at lines 37--1
\T1/cmr/m/n/10 kann
 []


Overfull \hbox (21.66138pt too wide) in paragraph at lines 37--1
\T1/cmr/m/n/10 dann
 []


Overfull \hbox (13.91327pt too wide) in paragraph at lines 37--1
\T1/cmr/m/n/10 der
 []


Overfull \hbox (56.59729pt too wide) in paragraph at lines 37--1
\T1/cmr/m/n/10 Brechungsin-
 []


Overfull \hbox (15.27405pt too wide) in paragraph at lines 37--1
\T1/cmr/m/n/10 dex
 []


Overfull \hbox (13.05237pt too wide) in paragraph at lines 37--1
\T1/cmr/m/n/10 bei
 []


Overfull \hbox (17.80121pt too wide) in paragraph at lines 37--1
\T1/cmr/m/n/10 nor-
 []


Overfull \hbox (16.10718pt too wide) in paragraph at lines 37--1
\T1/cmr/m/n/10 mal
 []


Overfull \hbox (26.54907pt too wide) in paragraph at lines 37--1
\T1/cmr/m/n/10 Druck
 []


Overfull \hbox (11.69159pt too wide) in paragraph at lines 37--1
\T1/cmr/m/n/10 er-
 []


Overfull \hbox (18.32886pt too wide) in paragraph at lines 37--1
\T1/cmr/m/n/10 mit-
 []


Overfull \hbox (14.99634pt too wide) in paragraph at lines 37--1
\T1/cmr/m/n/10 telt
 []


Overfull \hbox (18.63434pt too wide) in paragraph at lines 37--1
\T1/cmr/m/n/10 wer-
 []


Overfull \hbox (18.32886pt too wide) in paragraph at lines 37--1
\T1/cmr/m/n/10 den.
 []


Overfull \hbox (4.99878pt too wide) has occurred while \output is active
[]|\T1/cmr/m/sl/10 2 
 []


Overfull \hbox (97.11517pt too wide) has occurred while \output is active
\T1/cmr/m/sl/10 Versuchsdurchführung|  
 []


Overfull \hbox (9.99756pt too wide) has occurred while \output is active
[]|[]\T1/cmr/m/n/10 24[]|  
 []

[24]
Overfull \hbox (9.99756pt too wide) has occurred while \output is active
 []|[]\T1/cmr/m/n/10 25[]|
 []

[25] [26


]
chapter 3.

Overfull \hbox (143.4215pt too wide) in paragraph at lines 1--1
[]\T1/cmss/bx/n/20.74 Auswertung  
 []


Overfull \hbox (190.52081pt too wide) in paragraph at lines 4--8
 [][] 
 []


Overfull \hbox (41.9342pt too wide) in paragraph at lines 8--8
[][][]\T1/cmr/m/n/10 Table 3.1[][]:
 []


Overfull \hbox (16.38489pt too wide) in paragraph at lines 8--8
[]|\T1/cmr/m/n/10 An-
 []


Overfull \hbox (17.77344pt too wide) in paragraph at lines 8--8
\T1/cmr/m/n/10 zahl
 []


Overfull \hbox (13.91327pt too wide) in paragraph at lines 8--8
\T1/cmr/m/n/10 der
 []


Overfull \hbox (15.55176pt too wide) in paragraph at lines 8--8
\T1/cmr/m/n/10 neu
 []


Overfull \hbox (29.21509pt too wide) in paragraph at lines 8--8
\T1/cmr/m/n/10 entste-
 []


Overfull \hbox (18.88428pt too wide) in paragraph at lines 8--8
\T1/cmr/m/n/10 hen-
 []


Overfull \hbox (15.55176pt too wide) in paragraph at lines 8--8
\T1/cmr/m/n/10 den
 []


Overfull \hbox (12.49695pt too wide) in paragraph at lines 8--8
\T1/cmr/m/n/10 In-
 []


Overfull \hbox (15.57953pt too wide) in paragraph at lines 8--8
\T1/cmr/m/n/10 ter-
 []


Overfull \hbox (24.74396pt too wide) in paragraph at lines 8--8
\T1/cmr/m/n/10 feren-
 []


Overfull \hbox (26.1325pt too wide) in paragraph at lines 8--8
\T1/cmr/m/n/10 zringe
 []


Overfull \hbox (8.3313pt too wide) in paragraph at lines 8--8
\T1/cmr/m/n/10 in
 []


Overfull \hbox (16.38489pt too wide) in paragraph at lines 8--8
\T1/cmr/m/n/10 Ab-
 []


Overfull \hbox (44.98901pt too wide) in paragraph at lines 8--8
\T1/cmr/m/n/10 hängigkeit
 []


Overfull \hbox (13.91327pt too wide) in paragraph at lines 8--8
\T1/cmr/m/n/10 der
 []


Overfull \hbox (19.16199pt too wide) in paragraph at lines 8--8
\T1/cmr/m/n/10 Um-
 []


Overfull \hbox (33.63068pt too wide) in paragraph at lines 8--8
\T1/cmr/m/n/10 drehun-
 []


Overfull \hbox (14.99634pt too wide) in paragraph at lines 8--8
\T1/cmr/m/n/10 gen
 []


Overfull \hbox (13.91327pt too wide) in paragraph at lines 8--8
\T1/cmr/m/n/10 der
 []


Overfull \hbox (32.99194pt too wide) in paragraph at lines 8--8
\T1/cmr/m/n/10 Justier-
 []


Overfull \hbox (38.40729pt too wide) in paragraph at lines 8--8
\T1/cmr/m/n/10 schraube| 
 []


Overfull \hbox (236.79224pt too wide) in paragraph at lines 12--16
 [][] 
 []


Overfull \hbox (41.9342pt too wide) in paragraph at lines 16--16
[][][]\T1/cmr/m/n/10 Table 3.2[][]:
 []


Overfull \hbox (16.38489pt too wide) in paragraph at lines 16--16
[]|\T1/cmr/m/n/10 An-
 []


Overfull \hbox (17.77344pt too wide) in paragraph at lines 16--16
\T1/cmr/m/n/10 zahl
 []


Overfull \hbox (13.91327pt too wide) in paragraph at lines 16--16
\T1/cmr/m/n/10 der
 []


Overfull \hbox (15.55176pt too wide) in paragraph at lines 16--16
\T1/cmr/m/n/10 neu
 []


Overfull \hbox (29.21509pt too wide) in paragraph at lines 16--16
\T1/cmr/m/n/10 entste-
 []


Overfull \hbox (18.88428pt too wide) in paragraph at lines 16--16
\T1/cmr/m/n/10 hen-
 []


Overfull \hbox (15.55176pt too wide) in paragraph at lines 16--16
\T1/cmr/m/n/10 den
 []


Overfull \hbox (12.49695pt too wide) in paragraph at lines 16--16
\T1/cmr/m/n/10 In-
 []


Overfull \hbox (15.57953pt too wide) in paragraph at lines 16--16
\T1/cmr/m/n/10 ter-
 []


Overfull \hbox (24.74396pt too wide) in paragraph at lines 16--16
\T1/cmr/m/n/10 feren-
 []


Overfull \hbox (26.1325pt too wide) in paragraph at lines 16--16
\T1/cmr/m/n/10 zringe
 []


Overfull \hbox (14.46869pt too wide) in paragraph at lines 16--16
\T1/cmr/m/n/10 pro
 []


Overfull \hbox (19.16199pt too wide) in paragraph at lines 16--16
\T1/cmr/m/n/10 Um-
 []


Overfull \hbox (35.29694pt too wide) in paragraph at lines 16--16
\T1/cmr/m/n/10 drehung
 []


Overfull \hbox (13.91327pt too wide) in paragraph at lines 16--16
\T1/cmr/m/n/10 der
 []


Overfull \hbox (32.99194pt too wide) in paragraph at lines 16--16
\T1/cmr/m/n/10 Justier-
 []


Overfull \hbox (38.40729pt too wide) in paragraph at lines 16--16
\T1/cmr/m/n/10 schraube| 
 []


Overfull \hbox (15.9961pt too wide) in paragraph at lines 2--19
\T1/cmr/m/n/10 Für
 []


Overfull \hbox (15.55176pt too wide) in paragraph at lines 2--19
\T1/cmr/m/n/10 den
 []


Overfull \hbox (11.69159pt too wide) in paragraph at lines 2--19
\T1/cmr/m/n/10 er-
 []


Overfull \hbox (17.82898pt too wide) in paragraph at lines 2--19
\T1/cmr/m/n/10 sten
 []


Overfull \hbox (16.38489pt too wide) in paragraph at lines 2--19
\T1/cmr/m/n/10 Teil
 []


Overfull \hbox (13.91327pt too wide) in paragraph at lines 2--19
\T1/cmr/m/n/10 zur
 []


Overfull \hbox (18.80096pt too wide) in paragraph at lines 2--19
\T1/cmr/m/n/10 Bes-
 []


Overfull \hbox (18.32886pt too wide) in paragraph at lines 2--19
\T1/cmr/m/n/10 tim-
 []


Overfull \hbox (24.16077pt too wide) in paragraph at lines 2--19
\T1/cmr/m/n/10 mung
 []


Overfull \hbox (13.91327pt too wide) in paragraph at lines 2--19
\T1/cmr/m/n/10 der
 []


Overfull \hbox (32.76978pt too wide) in paragraph at lines 2--19
\T1/cmr/m/n/10 Wellen-
 []


Overfull \hbox (22.77222pt too wide) in paragraph at lines 2--19
\T1/cmr/m/n/10 länge
 []


Overfull \hbox (13.94104pt too wide) in paragraph at lines 2--19
\T1/cmr/m/n/10 des
 []


Overfull \hbox (30.27039pt too wide) in paragraph at lines 2--19
\T1/cmr/m/n/10 Lasers,
 []


Overfull \hbox (31.65894pt too wide) in paragraph at lines 2--19
\T1/cmr/m/n/10 zählten
 []


Overfull \hbox (16.69037pt too wide) in paragraph at lines 2--19
\T1/cmr/m/n/10 wir,
 []


Overfull \hbox (14.44092pt too wide) in paragraph at lines 2--19
\T1/cmr/m/n/10 wie
 []


Overfull \hbox (19.7174pt too wide) in paragraph at lines 2--19
\T1/cmr/m/n/10 viele
 []


Overfull \hbox (19.99512pt too wide) in paragraph at lines 2--19
\T1/cmr/m/n/10 neue
 []


Overfull \hbox (25.13275pt too wide) in paragraph at lines 2--19
\T1/cmr/m/n/10 Ringe
 []


Overfull \hbox (16.44043pt too wide) in paragraph at lines 2--19
\T1/cmr/m/n/10 sich
 []


Overfull \hbox (14.46869pt too wide) in paragraph at lines 2--19
\T1/cmr/m/n/10 pro
 []


Overfull \hbox (20.13397pt too wide) in paragraph at lines 2--19
\T1/cmr/m/n/10 Län-
 []


Overfull \hbox (28.88184pt too wide) in paragraph at lines 2--19
\T1/cmr/m/n/10 genän-
 []


Overfull \hbox (30.02045pt too wide) in paragraph at lines 2--19
\T1/cmr/m/n/10 derung
 []


Overfull \hbox (11.1084pt too wide) in paragraph at lines 2--19
\T1/cmr/m/n/10 im
 []


Overfull \hbox (19.16199pt too wide) in paragraph at lines 2--19
\T1/cmr/m/n/10 Mit-
 []


Overfull \hbox (36.93542pt too wide) in paragraph at lines 2--19
\T1/cmr/m/n/10 telpunkt
 []


Overfull \hbox (24.43848pt too wide) in paragraph at lines 2--19
\T1/cmr/m/n/10 bilde-
 []


Overfull \hbox (12.21924pt too wide) in paragraph at lines 2--19
\T1/cmr/m/n/10 tet
 []


Overfull \hbox (16.6626pt too wide) in paragraph at lines 2--19
\T1/cmr/m/n/10 und
 []


Overfull \hbox (21.66138pt too wide) in paragraph at lines 2--19
\T1/cmr/m/n/10 dann
 []


Overfull \hbox (20.27283pt too wide) in paragraph at lines 2--19
\T1/cmr/m/n/10 nach
 []


Overfull \hbox (25.54932pt too wide) in paragraph at lines 2--19
\T1/cmr/m/n/10 auÿen
 []


Overfull \hbox (20.82825pt too wide) in paragraph at lines 2--19
\T1/cmr/m/n/10 wan-
 []


Overfull \hbox (30.57587pt too wide) in paragraph at lines 2--19
\T1/cmr/m/n/10 derten.
 []


Overfull \hbox (22.63336pt too wide) in paragraph at lines 2--19
\T1/cmr/m/n/10 Dazu
 []


Overfull \hbox (16.69037pt too wide) in paragraph at lines 2--19
\T1/cmr/m/n/10 ver-
 []


Overfull \hbox (21.1615pt too wide) in paragraph at lines 2--19
\T1/cmr/m/n/10 stell-
 []


Overfull \hbox (13.8855pt too wide) in paragraph at lines 2--19
\T1/cmr/m/n/10 ten
 []


Overfull \hbox (13.91327pt too wide) in paragraph at lines 2--19
\T1/cmr/m/n/10 wir
 []


Overfull \hbox (12.77466pt too wide) in paragraph at lines 2--19
\T1/cmr/m/n/10 die
 []


Overfull \hbox (14.85748pt too wide) in paragraph at lines 2--19
\T1/cmr/m/n/10 Po-
 []


Overfull \hbox (10.0531pt too wide) in paragraph at lines 2--19
\T1/cmr/m/n/10 si-
 []


Overfull \hbox (17.21802pt too wide) in paragraph at lines 2--19
\T1/cmr/m/n/10 tion
 []


Overfull \hbox (21.1615pt too wide) in paragraph at lines 2--19
\T1/cmr/m/n/10 eines
 []


Overfull \hbox (13.91327pt too wide) in paragraph at lines 2--19
\T1/cmr/m/n/10 der
 []


Overfull \hbox (30.5481pt too wide) in paragraph at lines 2--19
\T1/cmr/m/n/10 Spiegel
 []


Overfull \hbox (14.99634pt too wide) in paragraph at lines 2--19
\T1/cmr/m/n/10 mit
 []


Overfull \hbox (21.13373pt too wide) in paragraph at lines 2--19
\T1/cmr/m/n/10 einer
 []


Overfull \hbox (32.99194pt too wide) in paragraph at lines 2--19
\T1/cmr/m/n/10 Justier-
 []


Overfull \hbox (41.18439pt too wide) in paragraph at lines 2--19
\T1/cmr/m/n/10 schraube.
 []


Overfull \hbox (14.85748pt too wide) in paragraph at lines 2--19
\T1/cmr/m/n/10 Die
 []


Overfull \hbox (40.018pt too wide) in paragraph at lines 2--19
\T1/cmr/m/n/10 Schraube
 []


Overfull \hbox (14.44092pt too wide) in paragraph at lines 2--19
\T1/cmr/m/n/10 hat
 []


Overfull \hbox (17.21802pt too wide) in paragraph at lines 2--19
\T1/cmr/m/n/10 eine
 []


Overfull \hbox (19.16199pt too wide) in paragraph at lines 2--19
\T1/cmr/m/n/10 Um-
 []


Overfull \hbox (15.6073pt too wide) in paragraph at lines 2--19
\T1/cmr/m/n/10 set-
 []


Overfull \hbox (20.55054pt too wide) in paragraph at lines 2--19
\T1/cmr/m/n/10 zung
 []


Overfull \hbox (15.55176pt too wide) in paragraph at lines 2--19
\T1/cmr/m/n/10 von
 []


Overfull \hbox (48.32932pt too wide) in paragraph at lines 2--19
\OT1/cmr/m/n/10 35\OML/cmm/m/it/10 =\OT1/cmr/m/n/10 225 []$
 []


Overfull \hbox (14.46869pt too wide) in paragraph at lines 2--19
\T1/cmr/m/n/10 pro
 []


Overfull \hbox (19.16199pt too wide) in paragraph at lines 2--19
\T1/cmr/m/n/10 Um-
 []


Overfull \hbox (38.07404pt too wide) in paragraph at lines 2--19
\T1/cmr/m/n/10 drehung.
 []


Overfull \hbox (16.96808pt too wide) in paragraph at lines 2--19
\T1/cmr/m/n/10 Wir
 []


Overfull \hbox (28.32642pt too wide) in paragraph at lines 2--19
\T1/cmr/m/n/10 maÿen
 []


Overfull \hbox (12.77466pt too wide) in paragraph at lines 2--19
\T1/cmr/m/n/10 die
 []


Overfull \hbox (14.16321pt too wide) in paragraph at lines 2--19
\T1/cmr/m/n/10 fol-
 []


Overfull \hbox (24.9939pt too wide) in paragraph at lines 2--19
\T1/cmr/m/n/10 gende
 []


Overfull \hbox (16.38489pt too wide) in paragraph at lines 2--19
\T1/cmr/m/n/10 An-
 []


Overfull \hbox (17.77344pt too wide) in paragraph at lines 2--19
\T1/cmr/m/n/10 zahl
 []


Overfull \hbox (10.55298pt too wide) in paragraph at lines 2--19
\T1/cmr/m/n/10 an
 []


Overfull \hbox (25.54932pt too wide) in paragraph at lines 2--19
\T1/cmr/m/n/10 neuen
 []


Overfull \hbox (19.02313pt too wide) in paragraph at lines 2--19
\T1/cmr/m/n/10 Rin-
 []


Overfull \hbox (14.99634pt too wide) in paragraph at lines 2--19
\T1/cmr/m/n/10 gen
 []


Overfull \hbox (8.3313pt too wide) in paragraph at lines 2--19
\T1/cmr/m/n/10 in
 []


Overfull \hbox (16.38489pt too wide) in paragraph at lines 2--19
\T1/cmr/m/n/10 Ab-
 []


Overfull \hbox (44.98901pt too wide) in paragraph at lines 2--19
\T1/cmr/m/n/10 hängigkeit
 []


Overfull \hbox (13.91327pt too wide) in paragraph at lines 2--19
\T1/cmr/m/n/10 der
 []


Overfull \hbox (19.16199pt too wide) in paragraph at lines 2--19
\T1/cmr/m/n/10 Um-
 []


Overfull \hbox (33.63068pt too wide) in paragraph at lines 2--19
\T1/cmr/m/n/10 drehun-
 []


Overfull \hbox (17.77344pt too wide) in paragraph at lines 2--19
\T1/cmr/m/n/10 gen.
 []


Overfull \hbox (23.24432pt too wide) in paragraph at lines 2--19
\T1/cmr/m/n/10 Diese
 []


Overfull \hbox (26.1325pt too wide) in paragraph at lines 2--19
\T1/cmr/m/n/10 Werte
 []


Overfull \hbox (25.6604pt too wide) in paragraph at lines 2--19
\T1/cmr/m/n/10 lassen
 []


Overfull \hbox (16.44043pt too wide) in paragraph at lines 2--19
\T1/cmr/m/n/10 sich
 []


Overfull \hbox (17.21802pt too wide) in paragraph at lines 2--19
\T1/cmr/m/n/10 um-
 []


Overfull \hbox (40.62897pt too wide) in paragraph at lines 2--19
\T1/cmr/m/n/10 schreiben
 []


Overfull \hbox (8.3313pt too wide) in paragraph at lines 2--19
\T1/cmr/m/n/10 in
 []


Overfull \hbox (17.21802pt too wide) in paragraph at lines 2--19
\T1/cmr/m/n/10 eine
 []


Overfull \hbox (16.38489pt too wide) in paragraph at lines 2--19
\T1/cmr/m/n/10 An-
 []


Overfull \hbox (17.77344pt too wide) in paragraph at lines 2--19
\T1/cmr/m/n/10 zahl
 []


Overfull \hbox (10.55298pt too wide) in paragraph at lines 2--19
\T1/cmr/m/n/10 an
 []


Overfull \hbox (25.54932pt too wide) in paragraph at lines 2--19
\T1/cmr/m/n/10 neuen
 []


Overfull \hbox (12.49695pt too wide) in paragraph at lines 2--19
\T1/cmr/m/n/10 In-
 []


Overfull \hbox (15.57953pt too wide) in paragraph at lines 2--19
\T1/cmr/m/n/10 ter-
 []


Overfull \hbox (36.99097pt too wide) in paragraph at lines 2--19
\T1/cmr/m/n/10 fernzrin-
 []


Overfull \hbox (14.99634pt too wide) in paragraph at lines 2--19
\T1/cmr/m/n/10 gen
 []


Overfull \hbox (14.46869pt too wide) in paragraph at lines 2--19
\T1/cmr/m/n/10 pro
 []


Overfull \hbox (19.16199pt too wide) in paragraph at lines 2--19
\T1/cmr/m/n/10 Um-
 []


Overfull \hbox (38.07404pt too wide) in paragraph at lines 2--19
\T1/cmr/m/n/10 drehung.
 []


Overfull \hbox (11.94153pt too wide) in paragraph at lines 2--19
\T1/cmr/m/n/10 Im
 []


Overfull \hbox (19.16199pt too wide) in paragraph at lines 2--19
\T1/cmr/m/n/10 Mit-
 []


Overfull \hbox (11.1084pt too wide) in paragraph at lines 2--19
\T1/cmr/m/n/10 tel
 []


Overfull \hbox (26.66016pt too wide) in paragraph at lines 2--19
\T1/cmr/m/n/10 bilden
 []


Overfull \hbox (16.44043pt too wide) in paragraph at lines 2--19
\T1/cmr/m/n/10 sich
 []


Overfull \hbox (20.55562pt too wide) in paragraph at lines 2--19
\OT1/cmr/m/n/10 5\OML/cmm/m/it/10 :\OT1/cmr/m/n/10 4 \OMS/cmsy/m/n/10 ^^F
 []


Overfull \hbox (12.77782pt too wide) in paragraph at lines 2--19
\OT1/cmr/m/n/10 0\OML/cmm/m/it/10 :\OT1/cmr/m/n/10 8$
 []


Overfull \hbox (19.99512pt too wide) in paragraph at lines 2--19
\T1/cmr/m/n/10 neue
 []


Overfull \hbox (25.13275pt too wide) in paragraph at lines 2--19
\T1/cmr/m/n/10 Ringe
 []


Overfull \hbox (14.46869pt too wide) in paragraph at lines 2--19
\T1/cmr/m/n/10 pro
 []


Overfull \hbox (19.16199pt too wide) in paragraph at lines 2--19
\T1/cmr/m/n/10 Um-
 []


Overfull \hbox (38.07404pt too wide) in paragraph at lines 2--19
\T1/cmr/m/n/10 drehung.
 []


Overfull \hbox (15.82947pt too wide) in paragraph at lines 2--19
\T1/cmr/m/n/10 Mit
 []


Overfull \hbox (13.91327pt too wide) in paragraph at lines 2--19
\T1/cmr/m/n/10 der
 []


Overfull \hbox (17.69012pt too wide) in paragraph at lines 2--19
\T1/cmr/m/n/10 Dis-
 []


Overfull \hbox (35.57465pt too wide) in paragraph at lines 2--19
\T1/cmr/m/n/10 tanzver-
 []


Overfull \hbox (42.54517pt too wide) in paragraph at lines 2--19
\T1/cmr/m/n/10 schiebung
 []


Overfull \hbox (14.46869pt too wide) in paragraph at lines 2--19
\T1/cmr/m/n/10 pro
 []


Overfull \hbox (19.16199pt too wide) in paragraph at lines 2--19
\T1/cmr/m/n/10 Um-
 []


Overfull \hbox (35.29694pt too wide) in paragraph at lines 2--19
\T1/cmr/m/n/10 drehung
 []


Overfull \hbox (15.55176pt too wide) in paragraph at lines 2--19
\T1/cmr/m/n/10 von
 []


Overfull \hbox (15.76038pt too wide) in paragraph at lines 2--19
\OML/cmm/m/it/10 d \OT1/cmr/m/n/10 =
 []


Overfull \hbox (20.55562pt too wide) in paragraph at lines 2--19
\OT1/cmr/m/n/10 1\OML/cmm/m/it/10 :\OT1/cmr/m/n/10 5 \OMS/cmsy/m/n/10 ^^F
 []


Overfull \hbox (33.80124pt too wide) in paragraph at lines 2--19
\OT1/cmr/m/n/10 0\OML/cmm/m/it/10 :\OT1/cmr/m/n/10 09 \OML/cmm/m/it/10 ^^V[]$
 []


Overfull \hbox (31.6867pt too wide) in paragraph at lines 2--19
\T1/cmr/m/n/10 berech-
 []


Overfull \hbox (13.8855pt too wide) in paragraph at lines 2--19
\T1/cmr/m/n/10 net
 []


Overfull \hbox (16.44043pt too wide) in paragraph at lines 2--19
\T1/cmr/m/n/10 sich
 []


Overfull \hbox (13.8855pt too wide) in paragraph at lines 2--19
\T1/cmr/m/n/10 da-
 []


Overfull \hbox (18.41217pt too wide) in paragraph at lines 2--19
\T1/cmr/m/n/10 raus
 []


Overfull \hbox (12.77466pt too wide) in paragraph at lines 2--19
\T1/cmr/m/n/10 die
 []


Overfull \hbox (32.76978pt too wide) in paragraph at lines 2--19
\T1/cmr/m/n/10 Wellen-
 []


Overfull \hbox (22.77222pt too wide) in paragraph at lines 2--19
\T1/cmr/m/n/10 länge
 []


Overfull \hbox (13.94104pt too wide) in paragraph at lines 2--19
\T1/cmr/m/n/10 des
 []


Overfull \hbox (27.49329pt too wide) in paragraph at lines 2--19
\T1/cmr/m/n/10 Lasers
 []


Overfull \hbox (27.771pt too wide) in paragraph at lines 2--19
\T1/cmr/m/n/10 gemäÿ
 []


Overfull \hbox (18.39828pt too wide) in paragraph at lines 2--19
\T1/cmr/m/n/10 Gle-
 []


Overfull \hbox (28.32642pt too wide) in paragraph at lines 2--19
\T1/cmr/m/n/10 ichung
 []


Overfull \hbox (44.98901pt too wide) in paragraph at lines 2--19
\T1/cmr/m/n/10 (wlength). 
 []


Overfull \hbox (9.99756pt too wide) has occurred while \output is active
 []|[]\T1/cmr/m/n/10 27[]|
 []

[27]
Underfull \vbox (badness 10000) has occurred while \output is active []


Overfull \hbox (4.99878pt too wide) has occurred while \output is active
[]|\T1/cmr/m/sl/10 3 
 []


Overfull \hbox (52.29279pt too wide) has occurred while \output is active
\T1/cmr/m/sl/10 Auswertung|  
 []


Overfull \hbox (9.99756pt too wide) has occurred while \output is active
[]|[]\T1/cmr/m/n/10 28[]|  
 []

[28]
Overfull \hbox (9.99756pt too wide) has occurred while \output is active
 []|[]\T1/cmr/m/n/10 29[]|
 []

[29]
Overfull \hbox (71.94092pt too wide) detected at line 21
[]
 []

<pictures/glas_ausw.pdf, id=194, 682.86612pt x 284.52756pt>
File: pictures/glas_ausw.pdf Graphic file (type pdf)
<use pictures/glas_ausw.pdf>
Package pdftex.def Info: pictures/glas_ausw.pdf  used on input line 25.
(pdftex.def)             Requested size: 478.00302pt x 199.16792pt.

Overfull \hbox (478.00302pt too wide) in paragraph at lines 25--26
 [][][] 
 []


Overfull \hbox (45.98877pt too wide) in paragraph at lines 26--26
[][][]\T1/cmr/m/n/10 Figure 3.1[][]:
 []


Overfull \hbox (14.57977pt too wide) in paragraph at lines 26--26
[]|\T1/cmr/bx/n/10 In-
 []


Overfull \hbox (18.30803pt too wide) in paragraph at lines 26--26
\T1/cmr/bx/n/10 ter-
 []


Overfull \hbox (30.28427pt too wide) in paragraph at lines 26--26
\T1/cmr/bx/n/10 ferenz
 []


Overfull \hbox (9.581pt too wide) in paragraph at lines 26--26
\T1/cmr/bx/n/10 in
 []


Overfull \hbox (18.91205pt too wide) in paragraph at lines 26--26
\T1/cmr/bx/n/10 Ab-
 []


Overfull \hbox (51.73737pt too wide) in paragraph at lines 26--26
\T1/cmr/bx/n/10 hängigkeit
 []


Overfull \hbox (21.07819pt too wide) in paragraph at lines 26--26
\T1/cmr/bx/n/10 vom
 []


Overfull \hbox (35.67879pt too wide) in paragraph at lines 26--26
\T1/cmr/bx/n/10 Winkel
 []


Overfull \hbox (16.19188pt too wide) in paragraph at lines 26--26
\T1/cmr/bx/n/10 des
 []


Overfull \hbox (26.18944pt too wide) in paragraph at lines 26--26
\T1/cmr/bx/n/10 Glas-
 []


Overfull \hbox (54.67554pt too wide) in paragraph at lines 26--26
\T1/cmr/bx/n/10 plättchens.
 []


Overfull \hbox (12.77466pt too wide) in paragraph at lines 26--26
\T1/cmr/m/n/10 (a)
 []


Overfull \hbox (15.9961pt too wide) in paragraph at lines 26--26
\T1/cmr/m/n/10 Der
 []


Overfull \hbox (12.49695pt too wide) in paragraph at lines 26--26
\T1/cmr/m/n/10 In-
 []


Overfull \hbox (17.21802pt too wide) in paragraph at lines 26--26
\T1/cmr/m/n/10 ten-
 []


Overfull \hbox (40.12909pt too wide) in paragraph at lines 26--26
\T1/cmr/m/n/10 sitätsver-
 []


Overfull \hbox (16.38489pt too wide) in paragraph at lines 26--26
\T1/cmr/m/n/10 lauf
 []


Overfull \hbox (8.3313pt too wide) in paragraph at lines 26--26
\T1/cmr/m/n/10 in
 []


Overfull \hbox (16.38489pt too wide) in paragraph at lines 26--26
\T1/cmr/m/n/10 Ab-
 []


Overfull \hbox (44.98901pt too wide) in paragraph at lines 26--26
\T1/cmr/m/n/10 hängigkeit
 []


Overfull \hbox (13.94104pt too wide) in paragraph at lines 26--26
\T1/cmr/m/n/10 des
 []


Overfull \hbox (34.76929pt too wide) in paragraph at lines 26--26
\T1/cmr/m/n/10 Winkels
 []


Overfull \hbox (10.88315pt too wide) in paragraph at lines 26--26
\OML/cmm/m/it/10 []$
 []


Overfull \hbox (21.71692pt too wide) in paragraph at lines 26--26
\T1/cmr/m/n/10 zwis-
 []


Overfull \hbox (19.7174pt too wide) in paragraph at lines 26--26
\T1/cmr/m/n/10 chen
 []


Overfull \hbox (26.88232pt too wide) in paragraph at lines 26--26
\T1/cmr/m/n/10 Laser-
 []


Overfull \hbox (25.07721pt too wide) in paragraph at lines 26--26
\T1/cmr/m/n/10 strahl
 []


Overfull \hbox (16.6626pt too wide) in paragraph at lines 26--26
\T1/cmr/m/n/10 und
 []


Overfull \hbox (37.35199pt too wide) in paragraph at lines 26--26
\T1/cmr/m/n/10 Flächen-
 []


Overfull \hbox (17.80121pt too wide) in paragraph at lines 26--26
\T1/cmr/m/n/10 nor-
 []


Overfull \hbox (20.55054pt too wide) in paragraph at lines 26--26
\T1/cmr/m/n/10 male
 []


Overfull \hbox (13.94104pt too wide) in paragraph at lines 26--26
\T1/cmr/m/n/10 des
 []


Overfull \hbox (48.79364pt too wide) in paragraph at lines 26--26
\T1/cmr/m/n/10 Plättchens.
 []


Overfull \hbox (14.85748pt too wide) in paragraph at lines 26--26
\T1/cmr/m/n/10 Die
 []


Overfull \hbox (13.8855pt too wide) in paragraph at lines 26--26
\T1/cmr/m/n/10 ab-
 []


Overfull \hbox (12.27478pt too wide) in paragraph at lines 26--26
\T1/cmr/m/n/10 so-
 []


Overfull \hbox (16.6626pt too wide) in paragraph at lines 26--26
\T1/cmr/m/n/10 lute
 []


Overfull \hbox (12.49695pt too wide) in paragraph at lines 26--26
\T1/cmr/m/n/10 In-
 []


Overfull \hbox (17.21802pt too wide) in paragraph at lines 26--26
\T1/cmr/m/n/10 ten-
 []


Overfull \hbox (19.49524pt too wide) in paragraph at lines 26--26
\T1/cmr/m/n/10 sität
 []


Overfull \hbox (14.49646pt too wide) in paragraph at lines 26--26
\T1/cmr/m/n/10 soll
 []


Overfull \hbox (16.69037pt too wide) in paragraph at lines 26--26
\T1/cmr/m/n/10 hier
 []


Overfull \hbox (21.66138pt too wide) in paragraph at lines 26--26
\T1/cmr/m/n/10 nicht
 []


Overfull \hbox (13.60779pt too wide) in paragraph at lines 26--26
\T1/cmr/m/n/10 be-
 []


Overfull \hbox (16.13495pt too wide) in paragraph at lines 26--26
\T1/cmr/m/n/10 tra-
 []


Overfull \hbox (21.66138pt too wide) in paragraph at lines 26--26
\T1/cmr/m/n/10 chtet
 []


Overfull \hbox (18.63434pt too wide) in paragraph at lines 26--26
\T1/cmr/m/n/10 wer-
 []


Overfull \hbox (18.32886pt too wide) in paragraph at lines 26--26
\T1/cmr/m/n/10 den.
 []


Overfull \hbox (15.4129pt too wide) in paragraph at lines 26--26
\T1/cmr/m/n/10 De-
 []


Overfull \hbox (22.82776pt too wide) in paragraph at lines 26--26
\T1/cmr/m/n/10 shalb
 []


Overfull \hbox (10.60852pt too wide) in paragraph at lines 26--26
\T1/cmr/m/n/10 ist
 []


Overfull \hbox (12.77466pt too wide) in paragraph at lines 26--26
\T1/cmr/m/n/10 die
 []


Overfull \hbox (24.9939pt too wide) in paragraph at lines 26--26
\T1/cmr/m/n/10 Span-
 []


Overfull \hbox (21.38367pt too wide) in paragraph at lines 26--26
\T1/cmr/m/n/10 nung
 []


Overfull \hbox (8.3313pt too wide) in paragraph at lines 26--26
\T1/cmr/m/n/10 in
 []


Overfull \hbox (7.49817pt too wide) in paragraph at lines 26--26
\T1/cmr/m/n/10 V
 []


Overfull \hbox (13.60779pt too wide) in paragraph at lines 26--26
\T1/cmr/m/n/10 auf
 []


Overfull \hbox (13.91327pt too wide) in paragraph at lines 26--26
\T1/cmr/m/n/10 der
 []


Overfull \hbox (8.60901pt too wide) in paragraph at lines 26--26
\T1/cmr/m/n/10 y-
 []


Overfull \hbox (25.32715pt too wide) in paragraph at lines 26--26
\T1/cmr/m/n/10 Achse
 []


Overfull \hbox (21.66138pt too wide) in paragraph at lines 26--26
\T1/cmr/m/n/10 nicht
 []


Overfull \hbox (8.3313pt too wide) in paragraph at lines 26--26
\T1/cmr/m/n/10 in
 []


Overfull \hbox (12.49695pt too wide) in paragraph at lines 26--26
\T1/cmr/m/n/10 In-
 []


Overfull \hbox (17.21802pt too wide) in paragraph at lines 26--26
\T1/cmr/m/n/10 ten-
 []


Overfull \hbox (19.49524pt too wide) in paragraph at lines 26--26
\T1/cmr/m/n/10 sität
 []


Overfull \hbox (13.94104pt too wide) in paragraph at lines 26--26
\T1/cmr/m/n/10 des
 []


Overfull \hbox (26.29913pt too wide) in paragraph at lines 26--26
\T1/cmr/m/n/10 Lichts
 []


Overfull \hbox (44.73907pt too wide) in paragraph at lines 26--26
\T1/cmr/m/n/10 umgerech-
 []


Overfull \hbox (16.6626pt too wide) in paragraph at lines 26--26
\T1/cmr/m/n/10 net.
 []


Overfull \hbox (10.74738pt too wide) in paragraph at lines 26--26
\T1/cmr/m/n/10 Es
 []


Overfull \hbox (14.49646pt too wide) in paragraph at lines 26--26
\T1/cmr/m/n/10 soll
 []


Overfull \hbox (14.7464pt too wide) in paragraph at lines 26--26
\T1/cmr/m/n/10 nur
 []


Overfull \hbox (13.91327pt too wide) in paragraph at lines 26--26
\T1/cmr/m/n/10 der
 []


Overfull \hbox (21.93909pt too wide) in paragraph at lines 26--26
\T1/cmr/m/n/10 qual-
 []


Overfull \hbox (6.10962pt too wide) in paragraph at lines 26--26
\T1/cmr/m/n/10 i-
 []


Overfull \hbox (12.21924pt too wide) in paragraph at lines 26--26
\T1/cmr/m/n/10 ta-
 []


Overfull \hbox (16.10718pt too wide) in paragraph at lines 26--26
\T1/cmr/m/n/10 tive
 []


Overfull \hbox (18.35663pt too wide) in paragraph at lines 26--26
\T1/cmr/m/n/10 Ver-
 []


Overfull \hbox (16.38489pt too wide) in paragraph at lines 26--26
\T1/cmr/m/n/10 lauf
 []


Overfull \hbox (29.99268pt too wide) in paragraph at lines 26--26
\T1/cmr/m/n/10 gezeigt
 []


Overfull \hbox (18.63434pt too wide) in paragraph at lines 26--26
\T1/cmr/m/n/10 wer-
 []


Overfull \hbox (18.32886pt too wide) in paragraph at lines 26--26
\T1/cmr/m/n/10 den.
 []


Overfull \hbox (13.33008pt too wide) in paragraph at lines 26--26
\T1/cmr/m/n/10 (b)
 []


Overfull \hbox (14.85748pt too wide) in paragraph at lines 26--26
\T1/cmr/m/n/10 Die
 []


Overfull \hbox (22.77222pt too wide) in paragraph at lines 26--26
\T1/cmr/m/n/10 Max-
 []


Overfull \hbox (16.10718pt too wide) in paragraph at lines 26--26
\T1/cmr/m/n/10 ima
 []


Overfull \hbox (13.94104pt too wide) in paragraph at lines 26--26
\T1/cmr/m/n/10 des
 []


Overfull \hbox (12.27478pt too wide) in paragraph at lines 26--26
\T1/cmr/m/n/10 os-
 []


Overfull \hbox (13.33008pt too wide) in paragraph at lines 26--26
\T1/cmr/m/n/10 zil-
 []


Overfull \hbox (27.24335pt too wide) in paragraph at lines 26--26
\T1/cmr/m/n/10 lieren-
 []


Overfull \hbox (15.55176pt too wide) in paragraph at lines 26--26
\T1/cmr/m/n/10 den
 []


Overfull \hbox (18.35663pt too wide) in paragraph at lines 26--26
\T1/cmr/m/n/10 Ver-
 []


Overfull \hbox (20.32837pt too wide) in paragraph at lines 26--26
\T1/cmr/m/n/10 laufs
 []


Overfull \hbox (14.49646pt too wide) in paragraph at lines 26--26
\T1/cmr/m/n/10 aus
 []


Overfull \hbox (12.77466pt too wide) in paragraph at lines 26--26
\T1/cmr/m/n/10 (a)
 []


Overfull \hbox (18.63434pt too wide) in paragraph at lines 26--26
\T1/cmr/m/n/10 wer-
 []


Overfull \hbox (15.55176pt too wide) in paragraph at lines 26--26
\T1/cmr/m/n/10 den
 []


Overfull \hbox (41.6565pt too wide) in paragraph at lines 26--26
\T1/cmr/m/n/10 abgezählt
 []


Overfull \hbox (16.6626pt too wide) in paragraph at lines 26--26
\T1/cmr/m/n/10 und
 []


Overfull \hbox (23.9386pt too wide) in paragraph at lines 26--26
\T1/cmr/m/n/10 somit
 []


Overfull \hbox (21.13373pt too wide) in paragraph at lines 26--26
\T1/cmr/m/n/10 einer
 []


Overfull \hbox (20.57831pt too wide) in paragraph at lines 26--26
\T1/cmr/m/n/10 Ord-
 []


Overfull \hbox (47.82166pt too wide) in paragraph at lines 26--26
\T1/cmr/m/n/10 nungsnum-
 []


Overfull \hbox (16.69037pt too wide) in paragraph at lines 26--26
\T1/cmr/m/n/10 mer
 []


Overfull \hbox (13.33008pt too wide) in paragraph at lines 26--26
\T1/cmr/m/n/10 zu-
 []


Overfull \hbox (12.77466pt too wide) in paragraph at lines 26--26
\T1/cmr/m/n/10 ge-
 []


Overfull \hbox (17.80121pt too wide) in paragraph at lines 26--26
\T1/cmr/m/n/10 ord-
 []


Overfull \hbox (16.6626pt too wide) in paragraph at lines 26--26
\T1/cmr/m/n/10 net.
 []


Overfull \hbox (14.85748pt too wide) in paragraph at lines 26--26
\T1/cmr/m/n/10 Die
 []


Overfull \hbox (15.02411pt too wide) in paragraph at lines 26--26
\T1/cmr/m/n/10 Or-
 []


Overfull \hbox (47.82166pt too wide) in paragraph at lines 26--26
\T1/cmr/m/n/10 nungsnum-
 []


Overfull \hbox (16.69037pt too wide) in paragraph at lines 26--26
\T1/cmr/m/n/10 mer
 []


Overfull \hbox (19.46747pt too wide) in paragraph at lines 26--26
\T1/cmr/m/n/10 wird
 []


Overfull \hbox (21.66138pt too wide) in paragraph at lines 26--26
\T1/cmr/m/n/10 dann
 []


Overfull \hbox (24.43848pt too wide) in paragraph at lines 26--26
\T1/cmr/m/n/10 gegen
 []


Overfull \hbox (12.77466pt too wide) in paragraph at lines 26--26
\T1/cmr/m/n/10 die
 []


Overfull \hbox (34.15833pt too wide) in paragraph at lines 26--26
\T1/cmr/m/n/10 Winkel-
 []


Overfull \hbox (14.16321pt too wide) in paragraph at lines 26--26
\T1/cmr/m/n/10 po-
 []


Overfull \hbox (10.0531pt too wide) in paragraph at lines 26--26
\T1/cmr/m/n/10 si-
 []


Overfull \hbox (17.21802pt too wide) in paragraph at lines 26--26
\T1/cmr/m/n/10 tion
 []


Overfull \hbox (13.94104pt too wide) in paragraph at lines 26--26
\T1/cmr/m/n/10 des
 []


Overfull \hbox (22.89719pt too wide) in paragraph at lines 26--26
\T1/cmr/m/n/10 Glas-
 []


Overfull \hbox (44.76685pt too wide) in paragraph at lines 26--26
\T1/cmr/m/n/10 plättchens
 []


Overfull \hbox (26.38245pt too wide) in paragraph at lines 26--26
\T1/cmr/m/n/10 aufge-
 []


Overfull \hbox (16.13495pt too wide) in paragraph at lines 26--26
\T1/cmr/m/n/10 tra-
 []


Overfull \hbox (17.77344pt too wide) in paragraph at lines 26--26
\T1/cmr/m/n/10 gen.
 []


Overfull \hbox (16.57928pt too wide) in paragraph at lines 26--26
\T1/cmr/m/n/10 Das
 []


Overfull \hbox (14.05212pt too wide) in paragraph at lines 26--26
\T1/cmr/m/n/10 Er-
 []


Overfull \hbox (19.16199pt too wide) in paragraph at lines 26--26
\T1/cmr/m/n/10 beb-
 []


Overfull \hbox (12.27478pt too wide) in paragraph at lines 26--26
\T1/cmr/m/n/10 nis
 []


Overfull \hbox (21.13373pt too wide) in paragraph at lines 26--26
\T1/cmr/m/n/10 einer
 []


Overfull \hbox (16.38489pt too wide) in paragraph at lines 26--26
\T1/cmr/m/n/10 An-
 []


Overfull \hbox (17.82898pt too wide) in paragraph at lines 26--26
\T1/cmr/m/n/10 pas-
 []


Overfull \hbox (20.05066pt too wide) in paragraph at lines 26--26
\T1/cmr/m/n/10 sung
 []


Overfull \hbox (10.55298pt too wide) in paragraph at lines 26--26
\T1/cmr/m/n/10 an
 []


Overfull \hbox (12.77466pt too wide) in paragraph at lines 26--26
\T1/cmr/m/n/10 die
 []


Overfull \hbox (26.5213pt too wide) in paragraph at lines 26--26
\T1/cmr/m/n/10 Daten
 []


Overfull \hbox (27.771pt too wide) in paragraph at lines 26--26
\T1/cmr/m/n/10 gemäÿ
 []


Overfull \hbox (21.17538pt too wide) in paragraph at lines 26--26
\T1/cmr/m/n/10 [Gle-
 []


Overfull \hbox (28.32642pt too wide) in paragraph at lines 26--26
\T1/cmr/m/n/10 ichung
 []


Overfull \hbox (10.55298pt too wide) in paragraph at lines 26--26
\T1/cmr/m/n/10 zi-
 []


Overfull \hbox (27.79877pt too wide) in paragraph at lines 26--26
\T1/cmr/m/n/10 tieren]
 []


Overfull \hbox (10.60852pt too wide) in paragraph at lines 26--26
\T1/cmr/m/n/10 ist
 []


Overfull \hbox (23.60535pt too wide) in paragraph at lines 26--26
\T1/cmr/m/n/10 eben-
 []


Overfull \hbox (17.55127pt too wide) in paragraph at lines 26--26
\T1/cmr/m/n/10 falls
 []


Overfull \hbox (48.04382pt too wide) in paragraph at lines 26--26
\T1/cmr/m/n/10 angegeben.| 
 []


Overfull \hbox (12.6358pt too wide) in paragraph at lines 21--27
\T1/cmr/m/n/10 Da
 []


Overfull \hbox (8.38684pt too wide) in paragraph at lines 21--27
\T1/cmr/m/n/10 es
 []


Overfull \hbox (16.44043pt too wide) in paragraph at lines 21--27
\T1/cmr/m/n/10 sich
 []


Overfull \hbox (13.05237pt too wide) in paragraph at lines 21--27
\T1/cmr/m/n/10 bei
 []


Overfull \hbox (14.44092pt too wide) in paragraph at lines 21--27
\T1/cmr/m/n/10 un-
 []


Overfull \hbox (25.07721pt too wide) in paragraph at lines 21--27
\T1/cmr/m/n/10 serem
 []


Overfull \hbox (23.5498pt too wide) in paragraph at lines 21--27
\T1/cmr/m/n/10 Laser
 []


Overfull \hbox (13.8855pt too wide) in paragraph at lines 21--27
\T1/cmr/m/n/10 um
 []


Overfull \hbox (28.40973pt too wide) in paragraph at lines 21--27
\T1/cmr/m/n/10 grünes
 []


Overfull \hbox (22.35565pt too wide) in paragraph at lines 21--27
\T1/cmr/m/n/10 Licht
 []


Overfull \hbox (19.4397pt too wide) in paragraph at lines 21--27
\T1/cmr/m/n/10 han-
 []


Overfull \hbox (19.4397pt too wide) in paragraph at lines 21--27
\T1/cmr/m/n/10 delt,
 []


Overfull \hbox (24.9939pt too wide) in paragraph at lines 21--27
\T1/cmr/m/n/10 liegen
 []


Overfull \hbox (13.91327pt too wide) in paragraph at lines 21--27
\T1/cmr/m/n/10 wir
 []


Overfull \hbox (11.66382pt too wide) in paragraph at lines 21--27
\T1/cmr/m/n/10 et-
 []


Overfull \hbox (15.88501pt too wide) in paragraph at lines 21--27
\T1/cmr/m/n/10 was
 []


Overfull \hbox (27.27112pt too wide) in paragraph at lines 21--27
\T1/cmr/m/n/10 falsch.
 []


Overfull \hbox (15.27405pt too wide) in paragraph at lines 21--27
\T1/cmr/m/n/10 Im-
 []


Overfull \hbox (20.02289pt too wide) in paragraph at lines 21--27
\T1/cmr/m/n/10 mer-
 []


Overfull \hbox (13.8855pt too wide) in paragraph at lines 21--27
\T1/cmr/m/n/10 hin
 []


Overfull \hbox (12.77466pt too wide) in paragraph at lines 21--27
\T1/cmr/m/n/10 die
 []


Overfull \hbox (49.55734pt too wide) in paragraph at lines 21--27
\T1/cmr/m/n/10 Gröÿenord-
 []


Overfull \hbox (21.38367pt too wide) in paragraph at lines 21--27
\T1/cmr/m/n/10 nung
 []


Overfull \hbox (33.65845pt too wide) in paragraph at lines 21--27
\T1/cmr/m/n/10 stimmt.
 []


Overfull \hbox (16.57928pt too wide) in paragraph at lines 21--27
\T1/cmr/m/n/10 Das
 []


Overfull \hbox (37.83798pt too wide) in paragraph at lines 21--27
\T1/cmr/m/n/10 Gewinde
 []


Overfull \hbox (13.91327pt too wide) in paragraph at lines 21--27
\T1/cmr/m/n/10 der
 []


Overfull \hbox (32.99194pt too wide) in paragraph at lines 21--27
\T1/cmr/m/n/10 Justier-
 []


Overfull \hbox (38.40729pt too wide) in paragraph at lines 21--27
\T1/cmr/m/n/10 schraube
 []


Overfull \hbox (15.85724pt too wide) in paragraph at lines 21--27
\T1/cmr/m/n/10 war
 []


Overfull \hbox (13.33008pt too wide) in paragraph at lines 21--27
\T1/cmr/m/n/10 lei-
 []


Overfull \hbox (13.91327pt too wide) in paragraph at lines 21--27
\T1/cmr/m/n/10 der
 []


Overfull \hbox (21.66138pt too wide) in paragraph at lines 21--27
\T1/cmr/m/n/10 nicht
 []


Overfull \hbox (21.66138pt too wide) in paragraph at lines 21--27
\T1/cmr/m/n/10 kom-
 []


Overfull \hbox (20.55054pt too wide) in paragraph at lines 21--27
\T1/cmr/m/n/10 plett
 []


Overfull \hbox (18.10669pt too wide) in paragraph at lines 21--27
\T1/cmr/m/n/10 fest.
 []


Overfull \hbox (15.96832pt too wide) in paragraph at lines 21--27
\T1/cmr/m/n/10 Da-
 []


Overfull \hbox (13.91327pt too wide) in paragraph at lines 21--27
\T1/cmr/m/n/10 her
 []


Overfull \hbox (19.7174pt too wide) in paragraph at lines 21--27
\T1/cmr/m/n/10 fluk-
 []


Overfull \hbox (12.77466pt too wide) in paragraph at lines 21--27
\T1/cmr/m/n/10 tu-
 []


Overfull \hbox (19.46747pt too wide) in paragraph at lines 21--27
\T1/cmr/m/n/10 ierte
 []


Overfull \hbox (12.77466pt too wide) in paragraph at lines 21--27
\T1/cmr/m/n/10 die
 []


Overfull \hbox (16.38489pt too wide) in paragraph at lines 21--27
\T1/cmr/m/n/10 An-
 []


Overfull \hbox (17.77344pt too wide) in paragraph at lines 21--27
\T1/cmr/m/n/10 zahl
 []


Overfull \hbox (10.55298pt too wide) in paragraph at lines 21--27
\T1/cmr/m/n/10 an
 []


Overfull \hbox (19.02313pt too wide) in paragraph at lines 21--27
\T1/cmr/m/n/10 Rin-
 []


Overfull \hbox (14.99634pt too wide) in paragraph at lines 21--27
\T1/cmr/m/n/10 gen
 []


Overfull \hbox (24.74396pt too wide) in paragraph at lines 21--27
\T1/cmr/m/n/10 durch
 []


Overfull \hbox (14.49646pt too wide) in paragraph at lines 21--27
\T1/cmr/m/n/10 das
 []


Overfull \hbox (21.66138pt too wide) in paragraph at lines 21--27
\T1/cmr/m/n/10 nicht
 []


Overfull \hbox (9.99756pt too wide) in paragraph at lines 21--27
\T1/cmr/m/n/10 zu
 []


Overfull \hbox (16.69037pt too wide) in paragraph at lines 21--27
\T1/cmr/m/n/10 ver-
 []


Overfull \hbox (17.21802pt too wide) in paragraph at lines 21--27
\T1/cmr/m/n/10 hin-
 []


Overfull \hbox (29.46503pt too wide) in paragraph at lines 21--27
\T1/cmr/m/n/10 dernde
 []


Overfull \hbox (16.10718pt too wide) in paragraph at lines 21--27
\T1/cmr/m/n/10 Zit-
 []


Overfull \hbox (17.80121pt too wide) in paragraph at lines 21--27
\T1/cmr/m/n/10 tern
 []


Overfull \hbox (14.44092pt too wide) in paragraph at lines 21--27
\T1/cmr/m/n/10 un-
 []


Overfull \hbox (20.66162pt too wide) in paragraph at lines 21--27
\T1/cmr/m/n/10 serer
 []


Overfull \hbox (30.8258pt too wide) in paragraph at lines 21--27
\T1/cmr/m/n/10 Hände.
 []


Overfull \hbox (16.57928pt too wide) in paragraph at lines 21--27
\T1/cmr/m/n/10 Das
 []


Overfull \hbox (15.85724pt too wide) in paragraph at lines 21--27
\T1/cmr/m/n/10 war
 []


Overfull \hbox (21.13373pt too wide) in paragraph at lines 21--27
\T1/cmr/m/n/10 einer
 []


Overfull \hbox (13.91327pt too wide) in paragraph at lines 21--27
\T1/cmr/m/n/10 der
 []


Overfull \hbox (19.30084pt too wide) in paragraph at lines 21--27
\T1/cmr/m/n/10 Fak-
 []


Overfull \hbox (25.57709pt too wide) in paragraph at lines 21--27
\T1/cmr/m/n/10 toren,
 []


Overfull \hbox (13.91327pt too wide) in paragraph at lines 21--27
\T1/cmr/m/n/10 der
 []


Overfull \hbox (12.77466pt too wide) in paragraph at lines 21--27
\T1/cmr/m/n/10 die
 []


Overfull \hbox (19.4397pt too wide) in paragraph at lines 21--27
\T1/cmr/m/n/10 Auf-
 []


Overfull \hbox (28.88184pt too wide) in paragraph at lines 21--27
\T1/cmr/m/n/10 nahme
 []


Overfull \hbox (13.91327pt too wide) in paragraph at lines 21--27
\T1/cmr/m/n/10 der
 []


Overfull \hbox (24.82727pt too wide) in paragraph at lines 21--27
\T1/cmr/m/n/10 Mess-
 []


Overfull \hbox (23.63312pt too wide) in paragraph at lines 21--27
\T1/cmr/m/n/10 werte
 []


Overfull \hbox (22.77222pt too wide) in paragraph at lines 21--27
\T1/cmr/m/n/10 deut-
 []


Overfull \hbox (15.27405pt too wide) in paragraph at lines 21--27
\T1/cmr/m/n/10 lich
 []


Overfull \hbox (11.69159pt too wide) in paragraph at lines 21--27
\T1/cmr/m/n/10 er-
 []


Overfull \hbox (23.9386pt too wide) in paragraph at lines 21--27
\T1/cmr/m/n/10 schw-
 []


Overfull \hbox (19.46747pt too wide) in paragraph at lines 21--27
\T1/cmr/m/n/10 erte,
 []


Overfull \hbox (15.88501pt too wide) in paragraph at lines 21--27
\T1/cmr/m/n/10 was
 []


Overfull \hbox (14.49646pt too wide) in paragraph at lines 21--27
\T1/cmr/m/n/10 das
 []


Overfull \hbox (14.44092pt too wide) in paragraph at lines 21--27
\T1/cmr/m/n/10 un-
 []


Overfull \hbox (12.77466pt too wide) in paragraph at lines 21--27
\T1/cmr/m/n/10 ge-
 []


Overfull \hbox (20.55054pt too wide) in paragraph at lines 21--27
\T1/cmr/m/n/10 naue
 []


Overfull \hbox (29.04846pt too wide) in paragraph at lines 21--27
\T1/cmr/m/n/10 Ergeb-
 []


Overfull \hbox (12.27478pt too wide) in paragraph at lines 21--27
\T1/cmr/m/n/10 nis
 []


Overfull \hbox (16.96808pt too wide) in paragraph at lines 21--27
\T1/cmr/m/n/10 erk-
 []


Overfull \hbox (18.35663pt too wide) in paragraph at lines 21--27
\T1/cmr/m/n/10 lärt. 
 []


Overfull \hbox (11.94153pt too wide) in paragraph at lines 21--27
\T1/cmr/m/n/10 Im
 []


Overfull \hbox (32.49207pt too wide) in paragraph at lines 21--27
\T1/cmr/m/n/10 zweiten
 []


Overfull \hbox (18.35663pt too wide) in paragraph at lines 21--27
\T1/cmr/m/n/10 Ver-
 []


Overfull \hbox (22.55005pt too wide) in paragraph at lines 21--27
\T1/cmr/m/n/10 such-
 []


Overfull \hbox (17.82898pt too wide) in paragraph at lines 21--27
\T1/cmr/m/n/10 steil
 []


Overfull \hbox (21.1615pt too wide) in paragraph at lines 21--27
\T1/cmr/m/n/10 stell-
 []


Overfull \hbox (13.8855pt too wide) in paragraph at lines 21--27
\T1/cmr/m/n/10 ten
 []


Overfull \hbox (13.91327pt too wide) in paragraph at lines 21--27
\T1/cmr/m/n/10 wir
 []


Overfull \hbox (17.21802pt too wide) in paragraph at lines 21--27
\T1/cmr/m/n/10 eine
 []


Overfull \hbox (20.68939pt too wide) in paragraph at lines 21--27
\T1/cmr/m/n/10 Pho-
 []


Overfull \hbox (12.21924pt too wide) in paragraph at lines 21--27
\T1/cmr/m/n/10 to-
 []


Overfull \hbox (11.66382pt too wide) in paragraph at lines 21--27
\T1/cmr/m/n/10 di-
 []


Overfull \hbox (15.27405pt too wide) in paragraph at lines 21--27
\T1/cmr/m/n/10 ode
 []


Overfull \hbox (13.91327pt too wide) in paragraph at lines 21--27
\T1/cmr/m/n/10 vor
 []


Overfull \hbox (15.55176pt too wide) in paragraph at lines 21--27
\T1/cmr/m/n/10 den
 []


Overfull \hbox (33.07526pt too wide) in paragraph at lines 21--27
\T1/cmr/m/n/10 Schirm,
 []


Overfull \hbox (14.99634pt too wide) in paragraph at lines 21--27
\T1/cmr/m/n/10 mit
 []


Overfull \hbox (13.91327pt too wide) in paragraph at lines 21--27
\T1/cmr/m/n/10 der
 []


Overfull \hbox (13.91327pt too wide) in paragraph at lines 21--27
\T1/cmr/m/n/10 wir
 []


Overfull \hbox (12.77466pt too wide) in paragraph at lines 21--27
\T1/cmr/m/n/10 die
 []


Overfull \hbox (12.49695pt too wide) in paragraph at lines 21--27
\T1/cmr/m/n/10 In-
 []


Overfull \hbox (17.21802pt too wide) in paragraph at lines 21--27
\T1/cmr/m/n/10 ten-
 []


Overfull \hbox (19.49524pt too wide) in paragraph at lines 21--27
\T1/cmr/m/n/10 sität
 []


Overfull \hbox (12.52472pt too wide) in paragraph at lines 21--27
\T1/cmr/m/n/10 für
 []


Overfull \hbox (22.77222pt too wide) in paragraph at lines 21--27
\T1/cmr/m/n/10 einen
 []


Overfull \hbox (27.07672pt too wide) in paragraph at lines 21--27
\T1/cmr/m/n/10 Punkt
 []


Overfull \hbox (13.94104pt too wide) in paragraph at lines 21--27
\T1/cmr/m/n/10 des
 []


Overfull \hbox (34.24164pt too wide) in paragraph at lines 21--27
\T1/cmr/m/n/10 Schirms
 []


Overfull \hbox (31.10352pt too wide) in paragraph at lines 21--27
\T1/cmr/m/n/10 maÿen.
 []


Overfull \hbox (9.16443pt too wide) in paragraph at lines 21--27
\T1/cmr/m/n/10 In
 []


Overfull \hbox (22.77222pt too wide) in paragraph at lines 21--27
\T1/cmr/m/n/10 einen
 []


Overfull \hbox (13.91327pt too wide) in paragraph at lines 21--27
\T1/cmr/m/n/10 der
 []


Overfull \hbox (19.7174pt too wide) in paragraph at lines 21--27
\T1/cmr/m/n/10 Teil-
 []


Overfull \hbox (35.07477pt too wide) in paragraph at lines 21--27
\T1/cmr/m/n/10 strahlen
 []


Overfull \hbox (21.1615pt too wide) in paragraph at lines 21--27
\T1/cmr/m/n/10 stell-
 []


Overfull \hbox (13.8855pt too wide) in paragraph at lines 21--27
\T1/cmr/m/n/10 ten
 []


Overfull \hbox (13.91327pt too wide) in paragraph at lines 21--27
\T1/cmr/m/n/10 wir
 []


Overfull \hbox (12.77466pt too wide) in paragraph at lines 21--27
\T1/cmr/m/n/10 ein
 []


Overfull \hbox (22.89719pt too wide) in paragraph at lines 21--27
\T1/cmr/m/n/10 Glas-
 []


Overfull \hbox (43.60046pt too wide) in paragraph at lines 21--27
\T1/cmr/m/n/10 plättchen,
 []


Overfull \hbox (27.88208pt too wide) in paragraph at lines 21--27
\T1/cmr/m/n/10 dessen
 []


Overfull \hbox (30.8258pt too wide) in paragraph at lines 21--27
\T1/cmr/m/n/10 Winkel
 []


Overfull \hbox (18.32886pt too wide) in paragraph at lines 21--27
\T1/cmr/m/n/10 zum
 []


Overfull \hbox (26.68793pt too wide) in paragraph at lines 21--27
\T1/cmr/m/n/10 Strahl
 []


Overfull \hbox (13.91327pt too wide) in paragraph at lines 21--27
\T1/cmr/m/n/10 wir
 []


Overfull \hbox (20.27283pt too wide) in paragraph at lines 21--27
\T1/cmr/m/n/10 auch
 []


Overfull \hbox (25.82703pt too wide) in paragraph at lines 21--27
\T1/cmr/m/n/10 aufze-
 []


Overfull \hbox (15.82947pt too wide) in paragraph at lines 21--27
\T1/cmr/m/n/10 ich-
 []


Overfull \hbox (26.66016pt too wide) in paragraph at lines 21--27
\T1/cmr/m/n/10 neten.
 []


Overfull \hbox (24.29962pt too wide) in paragraph at lines 21--27
\T1/cmr/m/n/10 Beide
 []


Overfull \hbox (20.88379pt too wide) in paragraph at lines 21--27
\T1/cmr/m/n/10 Mes-
 []


Overfull \hbox (18.3844pt too wide) in paragraph at lines 21--27
\T1/cmr/m/n/10 sun-
 []


Overfull \hbox (14.99634pt too wide) in paragraph at lines 21--27
\T1/cmr/m/n/10 gen
 []


Overfull \hbox (26.68793pt too wide) in paragraph at lines 21--27
\T1/cmr/m/n/10 wurde
 []


Overfull \hbox (14.99634pt too wide) in paragraph at lines 21--27
\T1/cmr/m/n/10 mit
 []


Overfull \hbox (20.55054pt too wide) in paragraph at lines 21--27
\T1/cmr/m/n/10 Hilfe
 []


Overfull \hbox (15.55176pt too wide) in paragraph at lines 21--27
\T1/cmr/m/n/10 von
 []


Overfull \hbox (25.38269pt too wide) in paragraph at lines 21--27
\T1/cmr/m/n/10 Cassy
 []


Overfull \hbox (37.51862pt too wide) in paragraph at lines 21--27
\T1/cmr/m/n/10 durchge-
 []


Overfull \hbox (24.74396pt too wide) in paragraph at lines 21--27
\T1/cmr/m/n/10 führt. 
 []


Overfull \hbox (4.99878pt too wide) has occurred while \output is active
[]|\T1/cmr/m/sl/10 3 
 []


Overfull \hbox (52.29279pt too wide) has occurred while \output is active
\T1/cmr/m/sl/10 Auswertung|  
 []


Overfull \hbox (9.99756pt too wide) has occurred while \output is active
[]|[]\T1/cmr/m/n/10 30[]|  
 []

[30]
Underfull \vbox (badness 10000) has occurred while \output is active []


Overfull \hbox (9.99756pt too wide) has occurred while \output is active
 []|[]\T1/cmr/m/n/10 31[]|
 []

[31]
Underfull \vbox (badness 10000) has occurred while \output is active []


Overfull \hbox (4.99878pt too wide) has occurred while \output is active
[]|\T1/cmr/m/sl/10 3 
 []


Overfull \hbox (52.29279pt too wide) has occurred while \output is active
\T1/cmr/m/sl/10 Auswertung|  
 []


Overfull \hbox (9.99756pt too wide) has occurred while \output is active
[]|[]\T1/cmr/m/n/10 32[]|  
 []

[32]
Underfull \vbox (badness 10000) has occurred while \output is active []


Overfull \hbox (9.99756pt too wide) has occurred while \output is active
 []|[]\T1/cmr/m/n/10 33[]|
 []

[33]
Overfull \vbox (1288.78893pt too high) has occurred while \output is active []


Overfull \hbox (4.99878pt too wide) has occurred while \output is active
[]|\T1/cmr/m/sl/10 3 
 []


Overfull \hbox (52.29279pt too wide) has occurred while \output is active
\T1/cmr/m/sl/10 Auswertung|  
 []


Overfull \hbox (9.99756pt too wide) has occurred while \output is active
[]|[]\T1/cmr/m/n/10 34[]|  
 []

[34 <./pictures/glas_ausw.pdf>]

LaTeX Warning: Reference `fig:ausw_glas' on page 35 undefined on input line 28.


LaTeX Warning: Reference `fig:ausw_glas' on page 35 undefined on input line 28.


LaTeX Warning: Reference `fig:ausw_glas' on page 35 undefined on input line 28.


Overfull \hbox (26.99341pt too wide) in paragraph at lines 28--29
[]\T1/cmr/m/n/10 Aus
 []


Overfull \hbox (42.37889pt too wide) in paragraph at lines 28--29
\T1/cmr/m/n/10 Fig.[](a)
 []


Overfull \hbox (19.55078pt too wide) in paragraph at lines 28--29
\T1/cmr/m/n/10 lässt
 []


Overfull \hbox (16.44043pt too wide) in paragraph at lines 28--29
\T1/cmr/m/n/10 sich
 []


Overfull \hbox (13.91327pt too wide) in paragraph at lines 28--29
\T1/cmr/m/n/10 der
 []


Overfull \hbox (12.49695pt too wide) in paragraph at lines 28--29
\T1/cmr/m/n/10 In-
 []


Overfull \hbox (17.21802pt too wide) in paragraph at lines 28--29
\T1/cmr/m/n/10 ten-
 []


Overfull \hbox (40.12909pt too wide) in paragraph at lines 28--29
\T1/cmr/m/n/10 sitätsver-
 []


Overfull \hbox (16.38489pt too wide) in paragraph at lines 28--29
\T1/cmr/m/n/10 lauf
 []


Overfull \hbox (13.94104pt too wide) in paragraph at lines 28--29
\T1/cmr/m/n/10 des
 []


Overfull \hbox (15.55176pt too wide) in paragraph at lines 28--29
\T1/cmr/m/n/10 von
 []


Overfull \hbox (13.91327pt too wide) in paragraph at lines 28--29
\T1/cmr/m/n/10 der
 []


Overfull \hbox (20.68939pt too wide) in paragraph at lines 28--29
\T1/cmr/m/n/10 Pho-
 []


Overfull \hbox (12.21924pt too wide) in paragraph at lines 28--29
\T1/cmr/m/n/10 to-
 []


Overfull \hbox (11.66382pt too wide) in paragraph at lines 28--29
\T1/cmr/m/n/10 di-
 []


Overfull \hbox (15.27405pt too wide) in paragraph at lines 28--29
\T1/cmr/m/n/10 ode
 []


Overfull \hbox (37.87964pt too wide) in paragraph at lines 28--29
\T1/cmr/m/n/10 gemesse-
 []


Overfull \hbox (15.55176pt too wide) in paragraph at lines 28--29
\T1/cmr/m/n/10 nen
 []


Overfull \hbox (26.29913pt too wide) in paragraph at lines 28--29
\T1/cmr/m/n/10 Lichts
 []


Overfull \hbox (8.3313pt too wide) in paragraph at lines 28--29
\T1/cmr/m/n/10 in
 []


Overfull \hbox (16.38489pt too wide) in paragraph at lines 28--29
\T1/cmr/m/n/10 Ab-
 []


Overfull \hbox (44.98901pt too wide) in paragraph at lines 28--29
\T1/cmr/m/n/10 hängigkeit
 []


Overfull \hbox (15.55176pt too wide) in paragraph at lines 28--29
\T1/cmr/m/n/10 von
 []


Overfull \hbox (10.88315pt too wide) in paragraph at lines 28--29
\OML/cmm/m/it/10 []$
 []


Overfull \hbox (21.10596pt too wide) in paragraph at lines 28--29
\T1/cmr/m/n/10 able-
 []


Overfull \hbox (16.71814pt too wide) in paragraph at lines 28--29
\T1/cmr/m/n/10 sen.
 []


Overfull \hbox (14.85748pt too wide) in paragraph at lines 28--29
\T1/cmr/m/n/10 Die
 []


Overfull \hbox (12.49695pt too wide) in paragraph at lines 28--29
\T1/cmr/m/n/10 In-
 []


Overfull \hbox (17.21802pt too wide) in paragraph at lines 28--29
\T1/cmr/m/n/10 ten-
 []


Overfull \hbox (19.49524pt too wide) in paragraph at lines 28--29
\T1/cmr/m/n/10 sität
 []


Overfull \hbox (12.27478pt too wide) in paragraph at lines 28--29
\T1/cmr/m/n/10 os-
 []


Overfull \hbox (13.33008pt too wide) in paragraph at lines 28--29
\T1/cmr/m/n/10 zil-
 []


Overfull \hbox (17.80121pt too wide) in paragraph at lines 28--29
\T1/cmr/m/n/10 liert
 []


Overfull \hbox (14.44092pt too wide) in paragraph at lines 28--29
\T1/cmr/m/n/10 wie
 []


Overfull \hbox (11.69159pt too wide) in paragraph at lines 28--29
\T1/cmr/m/n/10 er-
 []


Overfull \hbox (28.07648pt too wide) in paragraph at lines 28--29
\T1/cmr/m/n/10 wartet
 []


Overfull \hbox (14.99634pt too wide) in paragraph at lines 28--29
\T1/cmr/m/n/10 mit
 []


Overfull \hbox (18.32886pt too wide) in paragraph at lines 28--29
\T1/cmr/m/n/10 dem
 []


Overfull \hbox (30.8258pt too wide) in paragraph at lines 28--29
\T1/cmr/m/n/10 Winkel
 []


Overfull \hbox (13.94104pt too wide) in paragraph at lines 28--29
\T1/cmr/m/n/10 des
 []


Overfull \hbox (22.89719pt too wide) in paragraph at lines 28--29
\T1/cmr/m/n/10 Glas-
 []


Overfull \hbox (47.54395pt too wide) in paragraph at lines 28--29
\T1/cmr/m/n/10 plättchens.
 []


Overfull \hbox (25.99365pt too wide) in paragraph at lines 28--29
\T1/cmr/m/n/10 Deren
 []


Overfull \hbox (14.30206pt too wide) in paragraph at lines 28--29
\T1/cmr/m/n/10 Pe-
 []


Overfull \hbox (10.02533pt too wide) in paragraph at lines 28--29
\T1/cmr/m/n/10 ri-
 []


Overfull \hbox (15.27405pt too wide) in paragraph at lines 28--29
\T1/cmr/m/n/10 ode
 []


Overfull \hbox (10.60852pt too wide) in paragraph at lines 28--29
\T1/cmr/m/n/10 ist
 []


Overfull \hbox (27.79877pt too wide) in paragraph at lines 28--29
\T1/cmr/m/n/10 allerd-
 []


Overfull \hbox (17.27356pt too wide) in paragraph at lines 28--29
\T1/cmr/m/n/10 ings
 []


Overfull \hbox (8.94226pt too wide) in paragraph at lines 28--29
\T1/cmr/m/n/10 so
 []


Overfull \hbox (20.82825pt too wide) in paragraph at lines 28--29
\T1/cmr/m/n/10 klein
 []


Overfull \hbox (11.1084pt too wide) in paragraph at lines 28--29
\T1/cmr/m/n/10 im
 []


Overfull \hbox (18.35663pt too wide) in paragraph at lines 28--29
\T1/cmr/m/n/10 Ver-
 []


Overfull \hbox (15.55176pt too wide) in paragraph at lines 28--29
\T1/cmr/m/n/10 gle-
 []


Overfull \hbox (12.49695pt too wide) in paragraph at lines 28--29
\T1/cmr/m/n/10 ich
 []


Overfull \hbox (13.91327pt too wide) in paragraph at lines 28--29
\T1/cmr/m/n/10 zur
 []


Overfull \hbox (56.70837pt too wide) in paragraph at lines 28--29
\T1/cmr/m/n/10 Winkelachse,
 []


Overfull \hbox (18.43994pt too wide) in paragraph at lines 28--29
\T1/cmr/m/n/10 dass
 []


Overfull \hbox (18.88428pt too wide) in paragraph at lines 28--29
\T1/cmr/m/n/10 man
 []


Overfull \hbox (11.16394pt too wide) in paragraph at lines 28--29
\T1/cmr/m/n/10 sie
 []


Overfull \hbox (23.60535pt too wide) in paragraph at lines 28--29
\T1/cmr/m/n/10 kaum
 []


Overfull \hbox (26.68793pt too wide) in paragraph at lines 28--29
\T1/cmr/m/n/10 erken-
 []


Overfull \hbox (15.55176pt too wide) in paragraph at lines 28--29
\T1/cmr/m/n/10 nen
 []


Overfull \hbox (23.60535pt too wide) in paragraph at lines 28--29
\T1/cmr/m/n/10 kann.
 []


Overfull \hbox (19.7174pt too wide) in paragraph at lines 28--29
\T1/cmr/m/n/10 Man
 []


Overfull \hbox (32.51984pt too wide) in paragraph at lines 28--29
\T1/cmr/m/n/10 erkennt
 []


Overfull \hbox (27.79877pt too wide) in paragraph at lines 28--29
\T1/cmr/m/n/10 allerd-
 []


Overfull \hbox (20.05066pt too wide) in paragraph at lines 28--29
\T1/cmr/m/n/10 ings,
 []


Overfull \hbox (18.43994pt too wide) in paragraph at lines 28--29
\T1/cmr/m/n/10 dass
 []


Overfull \hbox (12.77466pt too wide) in paragraph at lines 28--29
\T1/cmr/m/n/10 die
 []


Overfull \hbox (19.16199pt too wide) in paragraph at lines 28--29
\T1/cmr/m/n/10 Am-
 []


Overfull \hbox (14.44092pt too wide) in paragraph at lines 28--29
\T1/cmr/m/n/10 pli-
 []


Overfull \hbox (19.4397pt too wide) in paragraph at lines 28--29
\T1/cmr/m/n/10 tude
 []


Overfull \hbox (13.91327pt too wide) in paragraph at lines 28--29
\T1/cmr/m/n/10 der
 []


Overfull \hbox (15.05188pt too wide) in paragraph at lines 28--29
\T1/cmr/m/n/10 Os-
 []


Overfull \hbox (13.33008pt too wide) in paragraph at lines 28--29
\T1/cmr/m/n/10 zil-
 []


Overfull \hbox (11.1084pt too wide) in paragraph at lines 28--29
\T1/cmr/m/n/10 la-
 []


Overfull \hbox (14.99634pt too wide) in paragraph at lines 28--29
\T1/cmr/m/n/10 tio-
 []


Overfull \hbox (15.55176pt too wide) in paragraph at lines 28--29
\T1/cmr/m/n/10 nen
 []


Overfull \hbox (14.99634pt too wide) in paragraph at lines 28--29
\T1/cmr/m/n/10 mit
 []


Overfull \hbox (10.88315pt too wide) in paragraph at lines 28--29
\OML/cmm/m/it/10 []$
 []


Overfull \hbox (16.19049pt too wide) in paragraph at lines 28--29
\T1/cmr/m/n/10 erst
 []


Overfull \hbox (13.8855pt too wide) in paragraph at lines 28--29
\T1/cmr/m/n/10 ab-
 []


Overfull \hbox (16.6626pt too wide) in paragraph at lines 28--29
\T1/cmr/m/n/10 und
 []


Overfull \hbox (21.66138pt too wide) in paragraph at lines 28--29
\T1/cmr/m/n/10 dann
 []


Overfull \hbox (13.33008pt too wide) in paragraph at lines 28--29
\T1/cmr/m/n/10 zu-
 []


Overfull \hbox (35.60242pt too wide) in paragraph at lines 28--29
\T1/cmr/m/n/10 nimmst,
 []


Overfull \hbox (24.18854pt too wide) in paragraph at lines 28--29
\T1/cmr/m/n/10 bevor
 []


Overfull \hbox (11.16394pt too wide) in paragraph at lines 28--29
\T1/cmr/m/n/10 sie
 []


Overfull \hbox (13.05237pt too wide) in paragraph at lines 28--29
\T1/cmr/m/n/10 bei
 []


Overfull \hbox (25.54932pt too wide) in paragraph at lines 28--29
\T1/cmr/m/n/10 einem
 []


Overfull \hbox (30.8258pt too wide) in paragraph at lines 28--29
\T1/cmr/m/n/10 Winkel
 []


Overfull \hbox (15.55176pt too wide) in paragraph at lines 28--29
\T1/cmr/m/n/10 von
 []


Overfull \hbox (13.33255pt too wide) in paragraph at lines 28--29
\OT1/cmr/m/n/10 90$\TS1/cmr/m/n/10 °
 []


Overfull \hbox (24.43848pt too wide) in paragraph at lines 28--29
\T1/cmr/m/n/10 gegen
 []


Overfull \hbox (4.99878pt too wide) in paragraph at lines 28--29
\T1/cmr/m/n/10 0
 []


Overfull \hbox (21.38367pt too wide) in paragraph at lines 28--29
\T1/cmr/m/n/10 geht.
 []


Overfull \hbox (24.9939pt too wide) in paragraph at lines 28--29
\T1/cmr/m/n/10 Wenn
 []


Overfull \hbox (18.88428pt too wide) in paragraph at lines 28--29
\T1/cmr/m/n/10 man
 []


Overfull \hbox (14.99634pt too wide) in paragraph at lines 28--29
\T1/cmr/m/n/10 alle
 []


Overfull \hbox (22.77222pt too wide) in paragraph at lines 28--29
\T1/cmr/m/n/10 Max-
 []


Overfull \hbox (16.10718pt too wide) in paragraph at lines 28--29
\T1/cmr/m/n/10 ima
 []


Overfull \hbox (14.49646pt too wide) in paragraph at lines 28--29
\T1/cmr/m/n/10 aus
 []


Overfull \hbox (42.37889pt too wide) in paragraph at lines 28--29
\T1/cmr/m/n/10 Fig.[](a)
 []


Overfull \hbox (21.66138pt too wide) in paragraph at lines 28--29
\T1/cmr/m/n/10 iden-
 []


Overfull \hbox (9.99756pt too wide) in paragraph at lines 28--29
\T1/cmr/m/n/10 ti-
 []


Overfull \hbox (25.02167pt too wide) in paragraph at lines 28--29
\T1/cmr/m/n/10 fiziert
 []


Overfull \hbox (16.6626pt too wide) in paragraph at lines 28--29
\T1/cmr/m/n/10 und
 []


Overfull \hbox (28.07648pt too wide) in paragraph at lines 28--29
\T1/cmr/m/n/10 durch-
 []


Overfull \hbox (22.4945pt too wide) in paragraph at lines 28--29
\T1/cmr/m/n/10 num-
 []


Overfull \hbox (34.49158pt too wide) in paragraph at lines 28--29
\T1/cmr/m/n/10 meriert,
 []


Overfull \hbox (11.69159pt too wide) in paragraph at lines 28--29
\T1/cmr/m/n/10 er-
 []


Overfull \hbox (17.21802pt too wide) in paragraph at lines 28--29
\T1/cmr/m/n/10 hält
 []


Overfull \hbox (18.88428pt too wide) in paragraph at lines 28--29
\T1/cmr/m/n/10 man
 []


Overfull \hbox (45.71141pt too wide) in paragraph at lines 28--29
\T1/cmr/m/n/10 Fig.[](b).
 []


Overfull \hbox (18.63434pt too wide) in paragraph at lines 28--29
\T1/cmr/m/n/10 Hier
 []


Overfull \hbox (11.44165pt too wide) in paragraph at lines 28--29
\T1/cmr/m/n/10 Ist
 []


Overfull \hbox (12.77466pt too wide) in paragraph at lines 28--29
\T1/cmr/m/n/10 die
 []


Overfull \hbox (24.71619pt too wide) in paragraph at lines 28--29
\T1/cmr/m/n/10 Num-
 []


Overfull \hbox (65.65063pt too wide) in paragraph at lines 28--29
\T1/cmr/m/n/10 merierungszahl
 []


Overfull \hbox (13.94104pt too wide) in paragraph at lines 28--29
\T1/cmr/m/n/10 des
 []


Overfull \hbox (21.43921pt too wide) in paragraph at lines 28--29
\T1/cmr/m/n/10 jedes
 []


Overfull \hbox (22.77222pt too wide) in paragraph at lines 28--29
\T1/cmr/m/n/10 Max-
 []


Overfull \hbox (6.10962pt too wide) in paragraph at lines 28--29
\T1/cmr/m/n/10 i-
 []


Overfull \hbox (25.88257pt too wide) in paragraph at lines 28--29
\T1/cmr/m/n/10 mums
 []


Overfull \hbox (24.43848pt too wide) in paragraph at lines 28--29
\T1/cmr/m/n/10 gegen
 []


Overfull \hbox (15.55176pt too wide) in paragraph at lines 28--29
\T1/cmr/m/n/10 den
 []


Overfull \hbox (30.8258pt too wide) in paragraph at lines 28--29
\T1/cmr/m/n/10 Winkel
 []


Overfull \hbox (13.05237pt too wide) in paragraph at lines 28--29
\T1/cmr/m/n/10 bei
 []


Overfull \hbox (18.32886pt too wide) in paragraph at lines 28--29
\T1/cmr/m/n/10 dem
 []


Overfull \hbox (8.38684pt too wide) in paragraph at lines 28--29
\T1/cmr/m/n/10 es
 []


Overfull \hbox (31.96442pt too wide) in paragraph at lines 28--29
\T1/cmr/m/n/10 auftritt
 []


Overfull \hbox (26.38245pt too wide) in paragraph at lines 28--29
\T1/cmr/m/n/10 aufge-
 []


Overfull \hbox (16.13495pt too wide) in paragraph at lines 28--29
\T1/cmr/m/n/10 tra-
 []


Overfull \hbox (17.77344pt too wide) in paragraph at lines 28--29
\T1/cmr/m/n/10 gen.
 []


Overfull \hbox (14.85748pt too wide) in paragraph at lines 28--29
\T1/cmr/m/n/10 Die
 []


Overfull \hbox (15.02411pt too wide) in paragraph at lines 28--29
\T1/cmr/m/n/10 Or-
 []


Overfull \hbox (21.38367pt too wide) in paragraph at lines 28--29
\T1/cmr/m/n/10 nung
 []


Overfull \hbox (13.91327pt too wide) in paragraph at lines 28--29
\T1/cmr/m/n/10 der
 []


Overfull \hbox (22.77222pt too wide) in paragraph at lines 28--29
\T1/cmr/m/n/10 Max-
 []


Overfull \hbox (16.10718pt too wide) in paragraph at lines 28--29
\T1/cmr/m/n/10 ima
 []


Overfull \hbox (19.7174pt too wide) in paragraph at lines 28--29
\T1/cmr/m/n/10 folgt
 []


Overfull \hbox (17.21802pt too wide) in paragraph at lines 28--29
\T1/cmr/m/n/10 the-
 []


Overfull \hbox (8.3313pt too wide) in paragraph at lines 28--29
\T1/cmr/m/n/10 o-
 []


Overfull \hbox (28.68744pt too wide) in paragraph at lines 28--29
\T1/cmr/m/n/10 retisch
 []


Overfull \hbox (18.39828pt too wide) in paragraph at lines 28--29
\T1/cmr/m/n/10 Gle-
 []


Overfull \hbox (28.32642pt too wide) in paragraph at lines 28--29
\T1/cmr/m/n/10 ichung
 []


Overfull \hbox (37.32422pt too wide) in paragraph at lines 28--29
\T1/cmr/m/n/10 soundso.
 []


Overfull \hbox (26.82678pt too wide) in paragraph at lines 28--29
\T1/cmr/m/n/10 Durch
 []


Overfull \hbox (16.38489pt too wide) in paragraph at lines 28--29
\T1/cmr/m/n/10 An-
 []


Overfull \hbox (28.4375pt too wide) in paragraph at lines 28--29
\T1/cmr/m/n/10 passen
 []


Overfull \hbox (13.91327pt too wide) in paragraph at lines 28--29
\T1/cmr/m/n/10 der
 []


Overfull \hbox (25.41046pt too wide) in paragraph at lines 28--29
\T1/cmr/m/n/10 Funk-
 []


Overfull \hbox (17.21802pt too wide) in paragraph at lines 28--29
\T1/cmr/m/n/10 tion 
 []


Underfull \vbox (badness 10000) has occurred while \output is active []


Overfull \hbox (9.99756pt too wide) has occurred while \output is active
 []|[]\T1/cmr/m/n/10 35[]|
 []

[35]
Underfull \vbox (badness 10000) has occurred while \output is active []


Overfull \hbox (4.99878pt too wide) has occurred while \output is active
[]|\T1/cmr/m/sl/10 3 
 []


Overfull \hbox (52.29279pt too wide) has occurred while \output is active
\T1/cmr/m/sl/10 Auswertung|  
 []


Overfull \hbox (9.99756pt too wide) has occurred while \output is active
[]|[]\T1/cmr/m/n/10 36[]|  
 []

[36]
Overfull \hbox (282.7069pt too wide) detected at line 31
[]
 []

./chapters/Auswertung.tex:34: Missing # inserted in alignment preamble.
<to be read again> 
                   \cr 
l.34     \begin{tabular}{}
                          
There should be exactly one # between &'s, when an
\halign or \valign is being set up. In this case you had
none, so I've put one in; maybe that will work.

./chapters/Auswertung.tex:35: Extra alignment tab has been changed to \cr.
<template> \endtemplate 
                        
l.35     &
          $n$&$B$&$c$&$d$\\\hline
You have given more \span or & marks than there were
in the preamble to the \halign or \valign now in progress.
So I'll assume that you meant to type \cr instead.

./chapters/Auswertung.tex:35: Extra alignment tab has been changed to \cr.
<template> \endtemplate 
                        
l.35     &$n$&
              $B$&$c$&$d$\\\hline
You have given more \span or & marks than there were
in the preamble to the \halign or \valign now in progress.
So I'll assume that you meant to type \cr instead.

./chapters/Auswertung.tex:35: Extra alignment tab has been changed to \cr.
<template> \endtemplate 
                        
l.35     &$n$&$B$&
                  $c$&$d$\\\hline
You have given more \span or & marks than there were
in the preamble to the \halign or \valign now in progress.
So I'll assume that you meant to type \cr instead.

./chapters/Auswertung.tex:35: Extra alignment tab has been changed to \cr.
<template> \endtemplate 
                        
l.35     &$n$&$B$&$c$&
                      $d$\\\hline
You have given more \span or & marks than there were
in the preamble to the \halign or \valign now in progress.
So I'll assume that you meant to type \cr instead.

./chapters/Auswertung.tex:36: Extra alignment tab has been changed to \cr.
<recently read> \endtemplate 
                             
l.36     Wert&
               1.6&  841&  1078& -3e-03\\\hline
You have given more \span or & marks than there were
in the preamble to the \halign or \valign now in progress.
So I'll assume that you meant to type \cr instead.

./chapters/Auswertung.tex:36: Extra alignment tab has been changed to \cr.
<recently read> \endtemplate 
                             
l.36     Wert& 1.6&
                     841&  1078& -3e-03\\\hline
You have given more \span or & marks than there were
in the preamble to the \halign or \valign now in progress.
So I'll assume that you meant to type \cr instead.

./chapters/Auswertung.tex:36: Extra alignment tab has been changed to \cr.
<recently read> \endtemplate 
                             
l.36     Wert& 1.6&  841&
                           1078& -3e-03\\\hline
You have given more \span or & marks than there were
in the preamble to the \halign or \valign now in progress.
So I'll assume that you meant to type \cr instead.

./chapters/Auswertung.tex:36: Extra alignment tab has been changed to \cr.
<recently read> \endtemplate 
                             
l.36     Wert& 1.6&  841&  1078&
                                 -3e-03\\\hline
You have given more \span or & marks than there were
in the preamble to the \halign or \valign now in progress.
So I'll assume that you meant to type \cr instead.

./chapters/Auswertung.tex:37: Extra alignment tab has been changed to \cr.
<template> \endtemplate 
                        
l.37     Fehler in $\sigma$&
                            0.5, 406& 441& 1e-02
You have given more \span or & marks than there were
in the preamble to the \halign or \valign now in progress.
So I'll assume that you meant to type \cr instead.

./chapters/Auswertung.tex:37: Extra alignment tab has been changed to \cr.
<recently read> \endtemplate 
                             
l.37     Fehler in $\sigma$&0.5, 406&
                                      441& 1e-02
You have given more \span or & marks than there were
in the preamble to the \halign or \valign now in progress.
So I'll assume that you meant to type \cr instead.

./chapters/Auswertung.tex:37: Extra alignment tab has been changed to \cr.
<recently read> \endtemplate 
                             
l.37     Fehler in $\sigma$&0.5, 406& 441&
                                           1e-02
You have given more \span or & marks than there were
in the preamble to the \halign or \valign now in progress.
So I'll assume that you meant to type \cr instead.


Overfull \hbox (47.89603pt too wide) in paragraph at lines 34--39
 [][] 
 []


Overfull \hbox (39.1571pt too wide) in paragraph at lines 39--39
[][][]\T1/cmr/m/n/10 Table 3.3[][][]|| 
 []


Overfull \hbox (25.6604pt too wide) in paragraph at lines 31--40
\T1/cmr/m/n/10 lassen
 []


Overfull \hbox (16.44043pt too wide) in paragraph at lines 31--40
\T1/cmr/m/n/10 sich
 []


Overfull \hbox (13.91327pt too wide) in paragraph at lines 31--40
\T1/cmr/m/n/10 der
 []


Overfull \hbox (56.59729pt too wide) in paragraph at lines 31--40
\T1/cmr/m/n/10 Brechungsin-
 []


Overfull \hbox (15.27405pt too wide) in paragraph at lines 31--40
\T1/cmr/m/n/10 dex
 []


Overfull \hbox (13.94104pt too wide) in paragraph at lines 31--40
\T1/cmr/m/n/10 des
 []


Overfull \hbox (46.01654pt too wide) in paragraph at lines 31--40
\T1/cmr/m/n/10 Plättchens
 []


Overfull \hbox (8.77945pt too wide) in paragraph at lines 31--40
\OML/cmm/m/it/10 n$\T1/cmr/m/n/10 ,
 []


Overfull \hbox (23.10547pt too wide) in paragraph at lines 31--40
\T1/cmr/m/n/10 sowie
 []


Overfull \hbox (14.49646pt too wide) in paragraph at lines 31--40
\T1/cmr/m/n/10 das
 []


Overfull \hbox (18.35663pt too wide) in paragraph at lines 31--40
\T1/cmr/m/n/10 Ver-
 []


Overfull \hbox (20.55054pt too wide) in paragraph at lines 31--40
\T1/cmr/m/n/10 hält-
 []


Overfull \hbox (12.27478pt too wide) in paragraph at lines 31--40
\T1/cmr/m/n/10 nis
 []


Overfull \hbox (21.71692pt too wide) in paragraph at lines 31--40
\T1/cmr/m/n/10 zwis-
 []


Overfull \hbox (19.7174pt too wide) in paragraph at lines 31--40
\T1/cmr/m/n/10 chen
 []


Overfull \hbox (27.88208pt too wide) in paragraph at lines 31--40
\T1/cmr/m/n/10 dessen
 []


Overfull \hbox (24.02191pt too wide) in paragraph at lines 31--40
\T1/cmr/m/n/10 Dicke
 []


Overfull \hbox (4.29166pt too wide) in paragraph at lines 31--40
\OML/cmm/m/it/10 b$
 []


Overfull \hbox (16.6626pt too wide) in paragraph at lines 31--40
\T1/cmr/m/n/10 und
 []


Overfull \hbox (13.91327pt too wide) in paragraph at lines 31--40
\T1/cmr/m/n/10 der
 []


Overfull \hbox (32.76978pt too wide) in paragraph at lines 31--40
\T1/cmr/m/n/10 Wellen-
 []


Overfull \hbox (22.77222pt too wide) in paragraph at lines 31--40
\T1/cmr/m/n/10 länge
 []


Overfull \hbox (13.94104pt too wide) in paragraph at lines 31--40
\T1/cmr/m/n/10 des
 []


Overfull \hbox (27.49329pt too wide) in paragraph at lines 31--40
\T1/cmr/m/n/10 Lasers
 []


Overfull \hbox (5.83336pt too wide) in paragraph at lines 31--40
\OML/cmm/m/it/10 ^^U$
 []


Overfull \hbox (13.8855pt too wide) in paragraph at lines 31--40
\T1/cmr/m/n/10 ab-
 []


Overfull \hbox (39.76807pt too wide) in paragraph at lines 31--40
\T1/cmr/m/n/10 schätzen,
 []


Overfull \hbox (18.64232pt too wide) in paragraph at lines 31--40
\OML/cmm/m/it/10 B \OT1/cmr/m/n/10 =
 []


Overfull \hbox (17.90213pt too wide) in paragraph at lines 31--40
\OML/cmm/m/it/10 b=^^U$\T1/cmr/m/n/10 .
 []


Overfull \hbox (15.9961pt too wide) in paragraph at lines 31--40
\T1/cmr/m/n/10 Der
 []


Overfull \hbox (56.59729pt too wide) in paragraph at lines 31--40
\T1/cmr/m/n/10 Brechungsin-
 []


Overfull \hbox (15.27405pt too wide) in paragraph at lines 31--40
\T1/cmr/m/n/10 dex
 []


Overfull \hbox (15.55176pt too wide) in paragraph at lines 31--40
\T1/cmr/m/n/10 von
 []


Overfull \hbox (18.74542pt too wide) in paragraph at lines 31--40
\T1/cmr/m/n/10 Luft
 []


Overfull \hbox (26.68793pt too wide) in paragraph at lines 31--40
\T1/cmr/m/n/10 wurde
 []


Overfull \hbox (67.06696pt too wide) in paragraph at lines 31--40
\T1/cmr/m/n/10 näherungsweise
 []


Overfull \hbox (13.60779pt too wide) in paragraph at lines 31--40
\T1/cmr/m/n/10 auf
 []


Overfull \hbox (4.99878pt too wide) in paragraph at lines 31--40
\T1/cmr/m/n/10 1
 []


Overfull \hbox (32.82532pt too wide) in paragraph at lines 31--40
\T1/cmr/m/n/10 gesetzt.
 []


Overfull \hbox (15.82947pt too wide) in paragraph at lines 31--40
\T1/cmr/m/n/10 Um
 []


Overfull \hbox (12.77466pt too wide) in paragraph at lines 31--40
\T1/cmr/m/n/10 die
 []


Overfull \hbox (12.21924pt too wide) in paragraph at lines 31--40
\T1/cmr/m/n/10 to-
 []


Overfull \hbox (16.10718pt too wide) in paragraph at lines 31--40
\T1/cmr/m/n/10 tale
 []


Overfull \hbox (20.57831pt too wide) in paragraph at lines 31--40
\T1/cmr/m/n/10 Ord-
 []


Overfull \hbox (21.38367pt too wide) in paragraph at lines 31--40
\T1/cmr/m/n/10 nung
 []


Overfull \hbox (13.91327pt too wide) in paragraph at lines 31--40
\T1/cmr/m/n/10 der
 []


Overfull \hbox (12.49695pt too wide) in paragraph at lines 31--40
\T1/cmr/m/n/10 In-
 []


Overfull \hbox (15.57953pt too wide) in paragraph at lines 31--40
\T1/cmr/m/n/10 ter-
 []


Overfull \hbox (29.18732pt too wide) in paragraph at lines 31--40
\T1/cmr/m/n/10 ferenz-
 []


Overfull \hbox (21.93909pt too wide) in paragraph at lines 31--40
\T1/cmr/m/n/10 max-
 []


Overfull \hbox (16.10718pt too wide) in paragraph at lines 31--40
\T1/cmr/m/n/10 ima
 []


Overfull \hbox (11.1084pt too wide) in paragraph at lines 31--40
\T1/cmr/m/n/10 ig-
 []


Overfull \hbox (20.57831pt too wide) in paragraph at lines 31--40
\T1/cmr/m/n/10 nori-
 []


Overfull \hbox (18.35663pt too wide) in paragraph at lines 31--40
\T1/cmr/m/n/10 eren
 []


Overfull \hbox (9.99756pt too wide) in paragraph at lines 31--40
\T1/cmr/m/n/10 zu
 []


Overfull \hbox (18.88428pt too wide) in paragraph at lines 31--40
\T1/cmr/m/n/10 kön-
 []


Overfull \hbox (15.55176pt too wide) in paragraph at lines 31--40
\T1/cmr/m/n/10 nen
 []


Overfull \hbox (16.6626pt too wide) in paragraph at lines 31--40
\T1/cmr/m/n/10 und
 []


Overfull \hbox (14.7464pt too wide) in paragraph at lines 31--40
\T1/cmr/m/n/10 nur
 []


Overfull \hbox (14.46869pt too wide) in paragraph at lines 31--40
\T1/cmr/m/n/10 rel-
 []


Overfull \hbox (8.3313pt too wide) in paragraph at lines 31--40
\T1/cmr/m/n/10 a-
 []


Overfull \hbox (16.10718pt too wide) in paragraph at lines 31--40
\T1/cmr/m/n/10 tive
 []


Overfull \hbox (20.57831pt too wide) in paragraph at lines 31--40
\T1/cmr/m/n/10 Ord-
 []


Overfull \hbox (19.7174pt too wide) in paragraph at lines 31--40
\T1/cmr/m/n/10 nun-
 []


Overfull \hbox (14.99634pt too wide) in paragraph at lines 31--40
\T1/cmr/m/n/10 gen
 []


Overfull \hbox (9.99756pt too wide) in paragraph at lines 31--40
\T1/cmr/m/n/10 zu
 []


Overfull \hbox (13.60779pt too wide) in paragraph at lines 31--40
\T1/cmr/m/n/10 be-
 []


Overfull \hbox (16.13495pt too wide) in paragraph at lines 31--40
\T1/cmr/m/n/10 tra-
 []


Overfull \hbox (26.10474pt too wide) in paragraph at lines 31--40
\T1/cmr/m/n/10 chten,
 []


Overfull \hbox (20.02289pt too wide) in paragraph at lines 31--40
\T1/cmr/m/n/10 wur-
 []


Overfull \hbox (13.91327pt too wide) in paragraph at lines 31--40
\T1/cmr/m/n/10 der
 []


Overfull \hbox (12.77466pt too wide) in paragraph at lines 31--40
\T1/cmr/m/n/10 die
 []


Overfull \hbox (18.35663pt too wide) in paragraph at lines 31--40
\T1/cmr/m/n/10 Ver-
 []


Overfull \hbox (42.54517pt too wide) in paragraph at lines 31--40
\T1/cmr/m/n/10 schiebung
 []


Overfull \hbox (4.32756pt too wide) in paragraph at lines 31--40
\OML/cmm/m/it/10 c$
 []


Overfull \hbox (25.54932pt too wide) in paragraph at lines 31--40
\T1/cmr/m/n/10 einge-
 []


Overfull \hbox (24.74396pt too wide) in paragraph at lines 31--40
\T1/cmr/m/n/10 führt.
 []


Overfull \hbox (15.9961pt too wide) in paragraph at lines 31--40
\T1/cmr/m/n/10 Der
 []


Overfull \hbox (14.85748pt too wide) in paragraph at lines 31--40
\T1/cmr/m/n/10 Pa-
 []


Overfull \hbox (20.57831pt too wide) in paragraph at lines 31--40
\T1/cmr/m/n/10 ram-
 []


Overfull \hbox (7.77588pt too wide) in paragraph at lines 31--40
\T1/cmr/m/n/10 e-
 []


Overfull \hbox (12.24701pt too wide) in paragraph at lines 31--40
\T1/cmr/m/n/10 ter
 []


Overfull \hbox (5.20486pt too wide) in paragraph at lines 31--40
\OML/cmm/m/it/10 d$
 []


Overfull \hbox (20.82825pt too wide) in paragraph at lines 31--40
\T1/cmr/m/n/10 kann
 []


Overfull \hbox (42.23969pt too wide) in paragraph at lines 31--40
\T1/cmr/m/n/10 wiederum
 []


Overfull \hbox (17.21802pt too wide) in paragraph at lines 31--40
\T1/cmr/m/n/10 eine
 []


Overfull \hbox (16.9403pt too wide) in paragraph at lines 31--40
\T1/cmr/m/n/10 Off-
 []


Overfull \hbox (12.27478pt too wide) in paragraph at lines 31--40
\T1/cmr/m/n/10 set
 []


Overfull \hbox (11.1084pt too wide) in paragraph at lines 31--40
\T1/cmr/m/n/10 im
 []


Overfull \hbox (30.8258pt too wide) in paragraph at lines 31--40
\T1/cmr/m/n/10 Winkel
 []


Overfull \hbox (17.82898pt too wide) in paragraph at lines 31--40
\T1/cmr/m/n/10 aus-
 []


Overfull \hbox (15.55176pt too wide) in paragraph at lines 31--40
\T1/cmr/m/n/10 gle-
 []


Overfull \hbox (25.2716pt too wide) in paragraph at lines 31--40
\T1/cmr/m/n/10 ichen.
 []


Overfull \hbox (16.57928pt too wide) in paragraph at lines 31--40
\T1/cmr/m/n/10 Das
 []


Overfull \hbox (20.82825pt too wide) in paragraph at lines 31--40
\T1/cmr/m/n/10 kann
 []


Overfull \hbox (18.05115pt too wide) in paragraph at lines 31--40
\T1/cmr/m/n/10 nüt-
 []


Overfull \hbox (19.7174pt too wide) in paragraph at lines 31--40
\T1/cmr/m/n/10 zlich
 []


Overfull \hbox (19.49524pt too wide) in paragraph at lines 31--40
\T1/cmr/m/n/10 sein,
 []


Overfull \hbox (10.55298pt too wide) in paragraph at lines 31--40
\T1/cmr/m/n/10 da
 []


Overfull \hbox (13.91327pt too wide) in paragraph at lines 31--40
\T1/cmr/m/n/10 der
 []


Overfull \hbox (25.57709pt too wide) in paragraph at lines 31--40
\T1/cmr/m/n/10 Start-
 []


Overfull \hbox (25.82703pt too wide) in paragraph at lines 31--40
\T1/cmr/m/n/10 punkt
 []


Overfull \hbox (11.1084pt too wide) in paragraph at lines 31--40
\T1/cmr/m/n/10 im
 []


Overfull \hbox (30.8258pt too wide) in paragraph at lines 31--40
\T1/cmr/m/n/10 Winkel
 []


Overfull \hbox (31.38123pt too wide) in paragraph at lines 31--40
\T1/cmr/m/n/10 manuel
 []


Overfull \hbox (13.60779pt too wide) in paragraph at lines 31--40
\T1/cmr/m/n/10 auf
 []


Overfull \hbox (8.33253pt too wide) in paragraph at lines 31--40
\OT1/cmr/m/n/10 0$\TS1/cmr/m/n/10 °
 []


Overfull \hbox (31.15906pt too wide) in paragraph at lines 31--40
\T1/cmr/m/n/10 gestellt
 []


Overfull \hbox (29.46503pt too wide) in paragraph at lines 31--40
\T1/cmr/m/n/10 wurde.
 []


Overfull \hbox (14.85748pt too wide) in paragraph at lines 31--40
\T1/cmr/m/n/10 Die
 []


Overfull \hbox (29.04846pt too wide) in paragraph at lines 31--40
\T1/cmr/m/n/10 Ergeb-
 []


Overfull \hbox (20.66162pt too wide) in paragraph at lines 31--40
\T1/cmr/m/n/10 nisse
 []


Overfull \hbox (13.91327pt too wide) in paragraph at lines 31--40
\T1/cmr/m/n/10 der
 []


Overfull \hbox (16.38489pt too wide) in paragraph at lines 31--40
\T1/cmr/m/n/10 An-
 []


Overfull \hbox (17.82898pt too wide) in paragraph at lines 31--40
\T1/cmr/m/n/10 pas-
 []


Overfull \hbox (20.05066pt too wide) in paragraph at lines 31--40
\T1/cmr/m/n/10 sung
 []


Overfull \hbox (17.82898pt too wide) in paragraph at lines 31--40
\T1/cmr/m/n/10 sind
 []


Overfull \hbox (12.77466pt too wide) in paragraph at lines 31--40
\T1/cmr/m/n/10 die
 []


Overfull \hbox (14.16321pt too wide) in paragraph at lines 31--40
\T1/cmr/m/n/10 fol-
 []


Overfull \hbox (18.32886pt too wide) in paragraph at lines 31--40
\T1/cmr/m/n/10 gen-
 []


Overfull \hbox (18.32886pt too wide) in paragraph at lines 31--40
\T1/cmr/m/n/10 den. 
 []


Overfull \hbox (9.99756pt too wide) has occurred while \output is active
 []|[]\T1/cmr/m/n/10 37[]|
 []

[37]
Underfull \vbox (badness 10000) has occurred while \output is active []


Overfull \hbox (4.99878pt too wide) has occurred while \output is active
[]|\T1/cmr/m/sl/10 3 
 []


Overfull \hbox (52.29279pt too wide) has occurred while \output is active
\T1/cmr/m/sl/10 Auswertung|  
 []


Overfull \hbox (9.99756pt too wide) has occurred while \output is active
[]|[]\T1/cmr/m/n/10 38[]|  
 []

[38]
Underfull \vbox (badness 10000) has occurred while \output is active []


Overfull \hbox (9.99756pt too wide) has occurred while \output is active
 []|[]\T1/cmr/m/n/10 39[]|
 []

[39]
Overfull \hbox (29.71497pt too wide) in paragraph at lines 41--42
[]\T1/cmr/m/n/10 Man
 []


Overfull \hbox (23.10547pt too wide) in paragraph at lines 41--42
\T1/cmr/m/n/10 sieht,
 []


Overfull \hbox (18.43994pt too wide) in paragraph at lines 41--42
\T1/cmr/m/n/10 dass
 []


Overfull \hbox (13.91327pt too wide) in paragraph at lines 41--42
\T1/cmr/m/n/10 der
 []


Overfull \hbox (32.10327pt too wide) in paragraph at lines 41--42
\T1/cmr/m/n/10 Fitwert
 []


Overfull \hbox (12.52472pt too wide) in paragraph at lines 41--42
\T1/cmr/m/n/10 für
 []


Overfull \hbox (15.55176pt too wide) in paragraph at lines 41--42
\T1/cmr/m/n/10 den
 []


Overfull \hbox (56.59729pt too wide) in paragraph at lines 41--42
\T1/cmr/m/n/10 Brechungsin-
 []


Overfull \hbox (15.27405pt too wide) in paragraph at lines 41--42
\T1/cmr/m/n/10 dex
 []


Overfull \hbox (23.88306pt too wide) in paragraph at lines 41--42
\T1/cmr/m/n/10 unge-
 []


Overfull \hbox (17.5235pt too wide) in paragraph at lines 41--42
\T1/cmr/m/n/10 fähr
 []


Overfull \hbox (8.3313pt too wide) in paragraph at lines 41--42
\T1/cmr/m/n/10 in
 []


Overfull \hbox (13.91327pt too wide) in paragraph at lines 41--42
\T1/cmr/m/n/10 der
 []


Overfull \hbox (26.1325pt too wide) in paragraph at lines 41--42
\T1/cmr/m/n/10 richti-
 []


Overfull \hbox (14.99634pt too wide) in paragraph at lines 41--42
\T1/cmr/m/n/10 gen
 []


Overfull \hbox (23.18878pt too wide) in paragraph at lines 41--42
\T1/cmr/m/n/10 Rich-
 []


Overfull \hbox (19.99512pt too wide) in paragraph at lines 41--42
\T1/cmr/m/n/10 tung
 []


Overfull \hbox (21.66138pt too wide) in paragraph at lines 41--42
\T1/cmr/m/n/10 liegt,
 []


Overfull \hbox (10.83069pt too wide) in paragraph at lines 41--42
\T1/cmr/m/n/10 je-
 []


Overfull \hbox (20.55054pt too wide) in paragraph at lines 41--42
\T1/cmr/m/n/10 doch
 []


Overfull \hbox (14.99634pt too wide) in paragraph at lines 41--42
\T1/cmr/m/n/10 mit
 []


Overfull \hbox (17.85675pt too wide) in paragraph at lines 41--42
\T1/cmr/m/n/10 sehr
 []


Overfull \hbox (27.27112pt too wide) in paragraph at lines 41--42
\T1/cmr/m/n/10 groÿer
 []


Overfull \hbox (16.38489pt too wide) in paragraph at lines 41--42
\T1/cmr/m/n/10 Un-
 []


Overfull \hbox (28.13202pt too wide) in paragraph at lines 41--42
\T1/cmr/m/n/10 sicher-
 []


Overfull \hbox (19.4397pt too wide) in paragraph at lines 41--42
\T1/cmr/m/n/10 heit.
 []


Overfull \hbox (21.93909pt too wide) in paragraph at lines 41--42
\T1/cmr/m/n/10 Ähn-
 []


Overfull \hbox (23.66089pt too wide) in paragraph at lines 41--42
\T1/cmr/m/n/10 liches
 []


Overfull \hbox (14.44092pt too wide) in paragraph at lines 41--42
\T1/cmr/m/n/10 gilt
 []


Overfull \hbox (12.52472pt too wide) in paragraph at lines 41--42
\T1/cmr/m/n/10 für
 []


Overfull \hbox (12.77466pt too wide) in paragraph at lines 41--42
\T1/cmr/m/n/10 die
 []


Overfull \hbox (24.02191pt too wide) in paragraph at lines 41--42
\T1/cmr/m/n/10 Dicke
 []


Overfull \hbox (13.94104pt too wide) in paragraph at lines 41--42
\T1/cmr/m/n/10 des
 []


Overfull \hbox (48.79364pt too wide) in paragraph at lines 41--42
\T1/cmr/m/n/10 Plättchens,
 []


Overfull \hbox (14.49646pt too wide) in paragraph at lines 41--42
\T1/cmr/m/n/10 das
 []


Overfull \hbox (14.99634pt too wide) in paragraph at lines 41--42
\T1/cmr/m/n/10 mit
 []


Overfull \hbox (36.10706pt too wide) in paragraph at lines 41--42
\OT1/cmr/m/n/10 0\OML/cmm/m/it/10 :\OT1/cmr/m/n/10 46 $\T1/cmr/m/n/10 mm
 []


Overfull \hbox (22.77222pt too wide) in paragraph at lines 41--42
\T1/cmr/m/n/10 einen
 []


Overfull \hbox (22.2168pt too wide) in paragraph at lines 41--42
\T1/cmr/m/n/10 plau-
 []


Overfull \hbox (10.0531pt too wide) in paragraph at lines 41--42
\T1/cmr/m/n/10 si-
 []


Overfull \hbox (18.32886pt too wide) in paragraph at lines 41--42
\T1/cmr/m/n/10 blen
 []


Overfull \hbox (21.68915pt too wide) in paragraph at lines 41--42
\T1/cmr/m/n/10 Wert
 []


Overfull \hbox (17.21802pt too wide) in paragraph at lines 41--42
\T1/cmr/m/n/10 hat. 
 []


Overfull \hbox (4.99878pt too wide) has occurred while \output is active
[]|\T1/cmr/m/sl/10 3 
 []


Overfull \hbox (52.29279pt too wide) has occurred while \output is active
\T1/cmr/m/sl/10 Auswertung|  
 []


Overfull \hbox (9.99756pt too wide) has occurred while \output is active
[]|[]\T1/cmr/m/n/10 40[]|  
 []

[40])
Overfull \hbox (44.98901pt too wide) in paragraph at lines 43--267
[]\T1/cmr/m/n/10 Wenden
 []


Overfull \hbox (13.91327pt too wide) in paragraph at lines 43--267
\T1/cmr/m/n/10 wir
 []


Overfull \hbox (15.05188pt too wide) in paragraph at lines 43--267
\T1/cmr/m/n/10 uns
 []


Overfull \hbox (43.93372pt too wide) in paragraph at lines 43--267
\T1/cmr/m/n/10 schlieÿlich
 []


Overfull \hbox (13.91327pt too wide) in paragraph at lines 43--267
\T1/cmr/m/n/10 der
 []


Overfull \hbox (20.88379pt too wide) in paragraph at lines 43--267
\T1/cmr/m/n/10 Mes-
 []


Overfull \hbox (20.05066pt too wide) in paragraph at lines 43--267
\T1/cmr/m/n/10 sung
 []


Overfull \hbox (13.94104pt too wide) in paragraph at lines 43--267
\T1/cmr/m/n/10 des
 []


Overfull \hbox (56.59729pt too wide) in paragraph at lines 43--267
\T1/cmr/m/n/10 Brechungsin-
 []


Overfull \hbox (15.27405pt too wide) in paragraph at lines 43--267
\T1/cmr/m/n/10 dex
 []


Overfull \hbox (15.55176pt too wide) in paragraph at lines 43--267
\T1/cmr/m/n/10 von
 []


Overfull \hbox (18.74542pt too wide) in paragraph at lines 43--267
\T1/cmr/m/n/10 Luft
 []


Overfull \hbox (12.77466pt too wide) in paragraph at lines 43--267
\T1/cmr/m/n/10 zu.
 []


Overfull \hbox (25.68817pt too wide) in paragraph at lines 43--267
\T1/cmr/m/n/10 Dabei
 []


Overfull \hbox (26.68793pt too wide) in paragraph at lines 43--267
\T1/cmr/m/n/10 wurde
 []


Overfull \hbox (17.21802pt too wide) in paragraph at lines 43--267
\T1/cmr/m/n/10 eine
 []


Overfull \hbox (35.67184pt too wide) in paragraph at lines 43--267
\T1/cmr/m/n/10 Gaszelle
 []


Overfull \hbox (13.91327pt too wide) in paragraph at lines 43--267
\T1/cmr/m/n/10 der
 []


Overfull \hbox (26.24359pt too wide) in paragraph at lines 43--267
\T1/cmr/m/n/10 Länge
 []


Overfull \hbox (17.77783pt too wide) in paragraph at lines 43--267
\OT1/cmr/m/n/10 10 \OMS/cmsy/m/n/10 ^^F
 []


Overfull \hbox (27.2191pt too wide) in paragraph at lines 43--267
\OT1/cmr/m/n/10 0\OML/cmm/m/it/10 :\OT1/cmr/m/n/10 1 $\T1/cmr/m/n/10 cm
 []


Overfull \hbox (8.3313pt too wide) in paragraph at lines 43--267
\T1/cmr/m/n/10 in
 []


Overfull \hbox (22.77222pt too wide) in paragraph at lines 43--267
\T1/cmr/m/n/10 einen
 []


Overfull \hbox (13.91327pt too wide) in paragraph at lines 43--267
\T1/cmr/m/n/10 der
 []


Overfull \hbox (61.67938pt too wide) in paragraph at lines 43--267
\T1/cmr/m/n/10 Strahlengänge
 []


Overfull \hbox (25.54932pt too wide) in paragraph at lines 43--267
\T1/cmr/m/n/10 einge-
 []


Overfull \hbox (30.57587pt too wide) in paragraph at lines 43--267
\T1/cmr/m/n/10 bracht.
 []


Overfull \hbox (9.99756pt too wide) has occurred while \output is active
 []|[]\T1/cmr/m/n/10 41[]|
 []

[41] (./main.aux)

LaTeX Warning: There were undefined references.


LaTeX Warning: Label(s) may have changed. Rerun to get cross-references right.


Package rerunfilecheck Warning: File `main.out' has changed.
(rerunfilecheck)                Rerun to get outlines right
(rerunfilecheck)                or use package `bookmark'.

Package rerunfilecheck Info: Checksums for `main.out':
(rerunfilecheck)             Before: <no file>
(rerunfilecheck)             After:  D41D8CD98F00B204E9800998ECF8427E;0.

Package biblatex Warning: Please (re)run Biber on the file:
(biblatex)                main
(biblatex)                and rerun LaTeX afterwards.

Package logreq Info: Writing requests to 'main.run.xml'.
\openout1 = `main.run.xml'.

 ) 
Here is how much of TeX's memory you used:
 28760 strings out of 480247
 542631 string characters out of 5896105
 1423964 words of memory out of 5000000
 46260 multiletter control sequences out of 15000+600000
 484583 words of font info for 60 fonts, out of 8000000 for 9000
 14 hyphenation exceptions out of 8191
 108i,20n,106p,10655b,1785s stack positions out of 5000i,500n,10000p,200000b,80000s
{/usr/share/texmf/fonts/enc/dvips/cm-super/cm-super-t1.enc}{/usr/share/texmf/fonts/enc/dvips/cm-super/cm-super-ts1.enc}</usr/share/texlive/texmf-dist/fonts/type1/public/amsfonts/cm/cmex10.pfb></usr/share/texlive/texmf-dist/fonts/type1/public/amsfonts/cm/cmmi10.pfb></usr/share/texlive/texmf-dist/fonts/type1/public/amsfonts/cm/cmr10.pfb></usr/share/texlive/texmf-dist/fonts/type1/public/amsfonts/cm/cmr7.pfb></usr/share/texlive/texmf-dist/fonts/type1/public/amsfonts/cm/cmss10.pfb></usr/share/texlive/texmf-dist/fonts/type1/public/amsfonts/cm/cmsy10.pfb></usr/share/texlive/texmf-dist/fonts/type1/public/amsfonts/symbols/msbm10.pfb></usr/share/texmf/fonts/type1/public/cm-super/sfbx1000.pfb></usr/share/texmf/fonts/type1/public/cm-super/sfbx2074.pfb></usr/share/texmf/fonts/type1/public/cm-super/sfcc1440.pfb></usr/share/texmf/fonts/type1/public/cm-super/sfrm0700.pfb></usr/share/texmf/fonts/type1/public/cm-super/sfrm1000.pfb></usr/share/texmf/fonts/type1/public/cm-super/sfrm1200.pfb></usr/share/texmf/fonts/type1/public/cm-super/sfsl1000.pfb></usr/share/texmf/fonts/type1/public/cm-super/sfss1000.pfb></usr/share/texmf/fonts/type1/public/cm-super/sfsx2074.pfb></usr/share/texmf/fonts/type1/public/cm-super/sfti1200.pfb>
Output written on main.pdf (45 pages, 450991 bytes).
PDF statistics:
 369 PDF objects out of 1000 (max. 8388607)
 274 compressed objects within 3 object streams
 57 named destinations out of 1000 (max. 500000)
 45 words of extra memory for PDF output out of 10000 (max. 10000000)

